o,d,all,bicycle,foot,car_driver,train
E02002985,E02002985,209,5,127,59,0
E02002985,E02002987,121,7,35,62,0
E02002985,E02003036,32,2,1,10,1
E02002985,E02003043,141,1,2,56,17
E02002985,E02003049,56,2,4,36,0
E02002985,E02003054,42,4,0,21,0
E02002985,E02003100,22,0,0,19,3
E02002985,E02003106,48,3,1,33,8
E02002985,E02003108,31,0,0,29,1
E02002985,E02003121,42,1,2,34,0
E02002985,E02006887,103,5,1,36,13
E02002985,E02006889,21,0,0,19,0
E02002987,E02002985,128,2,52,62,0
E02002987,E02002987,166,8,61,89,2
E02002987,E02003036,21,0,0,6,3
E02002987,E02003043,163,9,1,65,17
E02002987,E02003046,24,0,3,18,0
E02002987,E02003049,44,1,0,36,0
E02002987,E02003054,39,1,0,34,1
E02002987,E02003100,20,0,0,19,0
E02002987,E02003106,84,2,0,68,9
E02002987,E02003108,25,2,0,22,0
E02002987,E02003117,24,1,0,19,0
E02002987,E02003121,27,0,0,25,0
E02002987,E02006887,109,7,0,37,26
E02002987,E02006889,24,1,0,23,0
E02003005,E02003005,383,8,87,256,1
E02003005,E02003036,23,1,0,17,0
E02003005,E02003037,22,3,0,19,0
E02003005,E02003043,200,4,3,161,1
E02003005,E02003057,30,1,0,27,0
E02003005,E02003106,31,0,0,28,1
E02003005,E02006887,97,2,1,85,5
E02003012,E02003012,315,5,181,102,0
E02003012,E02003013,98,6,18,55,0
E02003012,E02003014,147,11,1,113,0
E02003012,E02003015,186,7,7,126,0
E02003012,E02003017,132,7,21,75,1
E02003012,E02003019,168,10,4,130,0
E02003012,E02003020,83,1,15,51,0
E02003012,E02003022,32,1,1,20,0
E02003012,E02003024,23,1,0,18,0
E02003012,E02003025,32,3,0,24,0
E02003012,E02003026,47,3,2,34,0
E02003012,E02003027,42,1,1,33,0
E02003012,E02003028,42,1,3,21,0
E02003012,E02003033,41,4,0,29,0
E02003012,E02003034,49,0,0,40,0
E02003012,E02003036,63,1,0,38,0
E02003012,E02003037,60,6,3,28,0
E02003012,E02003041,55,2,1,36,0
E02003012,E02003043,368,21,18,185,2
E02003012,E02003047,26,0,0,21,0
E02003012,E02003050,32,0,2,20,0
E02003012,E02003052,21,2,0,18,0
E02003012,E02003059,22,0,1,17,0
E02003012,E02003068,26,2,1,19,0
E02003012,E02003070,25,0,0,20,0
E02003012,E02003091,22,1,0,21,0
E02003012,E02003092,29,1,0,24,1
E02003012,E02003093,23,0,1,19,0
E02003012,E02003094,397,23,25,236,0
E02003012,E02003098,61,4,4,40,0
E02003012,E02003100,137,7,2,104,0
E02003012,E02003106,150,14,2,119,0
E02003012,E02003107,120,9,8,85,0
E02003012,E02003108,24,1,2,20,0
E02003012,E02006887,167,5,5,82,8
E02003012,E02006888,21,1,1,12,0
E02003012,E02006889,26,0,0,23,0
E02003013,E02003012,103,5,19,52,0
E02003013,E02003013,318,7,165,112,0
E02003013,E02003014,100,9,4,72,0
E02003013,E02003015,419,17,192,143,1
E02003013,E02003017,141,4,42,70,0
E02003013,E02003019,131,10,3,92,0
E02003013,E02003020,85,1,18,40,0
E02003013,E02003021,21,2,4,10,0
E02003013,E02003022,33,2,3,16,0
E02003013,E02003024,28,1,3,19,0
E02003013,E02003025,48,2,2,34,0
E02003013,E02003026,49,3,3,29,0
E02003013,E02003027,55,5,6,31,0
E02003013,E02003028,50,3,5,23,0
E02003013,E02003031,41,0,3,27,0
E02003013,E02003033,36,2,1,18,1
E02003013,E02003034,39,3,6,23,0
E02003013,E02003036,87,7,5,34,0
E02003013,E02003037,39,3,2,23,0
E02003013,E02003040,36,0,4,26,0
E02003013,E02003041,38,3,2,24,0
E02003013,E02003043,362,22,26,158,0
E02003013,E02003046,23,0,3,18,0
E02003013,E02003047,29,2,6,13,0
E02003013,E02003050,23,0,0,14,0
E02003013,E02003054,21,0,2,15,0
E02003013,E02003056,22,1,1,16,0
E02003013,E02003068,47,3,1,35,1
E02003013,E02003070,30,0,3,23,0
E02003013,E02003091,34,1,1,27,0
E02003013,E02003093,27,2,1,18,0
E02003013,E02003094,332,16,7,206,0
E02003013,E02003098,72,3,0,57,0
E02003013,E02003100,130,5,2,93,0
E02003013,E02003106,213,15,22,134,0
E02003013,E02003107,182,17,41,102,0
E02003013,E02003108,31,0,1,27,0
E02003013,E02003110,21,1,0,17,0
E02003013,E02006887,154,8,5,84,3
E02003013,E02006888,30,2,0,16,0
E02003013,E02006889,35,1,1,30,0
E02003014,E02003012,55,1,8,19,0
E02003014,E02003013,27,0,0,17,0
E02003014,E02003014,414,35,139,185,0
E02003014,E02003015,56,0,2,35,0
E02003014,E02003017,57,2,4,41,0
E02003014,E02003018,31,0,5,21,0
E02003014,E02003019,434,41,73,260,0
E02003014,E02003020,30,1,2,17,0
E02003014,E02003026,71,1,1,44,0
E02003014,E02003027,29,0,1,20,0
E02003014,E02003028,20,0,1,9,0
E02003014,E02003033,21,3,0,9,0
E02003014,E02003036,36,0,3,14,0
E02003014,E02003037,21,2,0,11,1
E02003014,E02003040,23,0,2,16,0
E02003014,E02003041,23,0,0,19,0
E02003014,E02003043,195,7,12,77,2
E02003014,E02003050,28,0,3,14,0
E02003014,E02003052,23,2,1,18,0
E02003014,E02003068,46,5,3,36,0
E02003014,E02003070,46,10,1,27,0
E02003014,E02003094,261,9,2,152,0
E02003014,E02003098,29,0,1,23,0
E02003014,E02003100,53,0,2,34,0
E02003014,E02003106,48,2,0,36,0
E02003014,E02003107,42,1,0,33,0
E02003014,E02006887,76,4,3,31,2
E02003014,E02006889,25,0,1,21,0
E02003015,E02003013,40,3,12,21,0
E02003015,E02003014,52,0,2,43,0
E02003015,E02003015,240,18,142,61,0
E02003015,E02003016,29,2,12,12,0
E02003015,E02003017,50,6,8,28,1
E02003015,E02003019,30,1,1,26,0
E02003015,E02003020,23,2,3,16,0
E02003015,E02003022,38,2,7,19,0
E02003015,E02003025,26,2,3,19,0
E02003015,E02003027,56,3,14,32,0
E02003015,E02003028,28,2,4,16,0
E02003015,E02003031,23,6,3,12,0
E02003015,E02003033,20,5,3,8,0
E02003015,E02003034,34,6,4,17,1
E02003015,E02003036,38,2,6,9,0
E02003015,E02003037,23,1,0,17,0
E02003015,E02003041,27,4,4,16,0
E02003015,E02003043,296,40,33,104,2
E02003015,E02003094,87,4,2,56,0
E02003015,E02003098,42,0,0,32,0
E02003015,E02003100,86,10,0,52,0
E02003015,E02003106,147,19,21,73,1
E02003015,E02003107,99,13,18,49,0
E02003015,E02006887,99,15,5,48,2
E02003016,E02003013,34,2,8,17,1
E02003016,E02003014,40,3,1,24,0
E02003016,E02003015,210,14,96,76,0
E02003016,E02003016,119,7,65,30,2
E02003016,E02003017,31,1,5,22,0
E02003016,E02003019,57,0,0,47,0
E02003016,E02003021,26,0,13,10,0
E02003016,E02003022,40,5,11,17,0
E02003016,E02003024,35,2,1,23,0
E02003016,E02003025,56,3,10,34,0
E02003016,E02003026,23,1,9,7,0
E02003016,E02003027,76,3,15,46,0
E02003016,E02003028,28,2,2,16,0
E02003016,E02003031,36,2,5,15,0
E02003016,E02003034,63,9,6,33,0
E02003016,E02003036,68,5,5,23,1
E02003016,E02003037,28,5,2,15,0
E02003016,E02003041,30,4,0,19,0
E02003016,E02003043,373,51,29,134,7
E02003016,E02003050,29,1,3,17,1
E02003016,E02003091,21,1,1,16,0
E02003016,E02003094,116,5,0,60,0
E02003016,E02003098,81,6,0,52,0
E02003016,E02003100,123,12,4,64,0
E02003016,E02003106,280,44,81,115,0
E02003016,E02003107,141,17,34,68,0
E02003016,E02003108,30,2,0,24,0
E02003016,E02003117,22,1,9,9,0
E02003016,E02006887,161,8,23,52,10
E02003016,E02006889,34,2,2,20,1
E02003017,E02003013,28,0,6,19,0
E02003017,E02003014,29,1,0,25,0
E02003017,E02003015,93,8,26,52,0
E02003017,E02003017,147,8,70,60,1
E02003017,E02003019,29,3,0,21,1
E02003017,E02003020,35,2,15,18,0
E02003017,E02003022,24,0,9,12,0
E02003017,E02003026,21,3,3,12,1
E02003017,E02003028,43,6,10,24,0
E02003017,E02003033,32,2,7,19,0
E02003017,E02003034,29,2,4,17,0
E02003017,E02003036,54,12,6,20,1
E02003017,E02003037,64,4,3,44,0
E02003017,E02003041,43,2,4,32,0
E02003017,E02003043,402,61,27,191,2
E02003017,E02003094,62,1,1,42,0
E02003017,E02003098,28,3,0,24,0
E02003017,E02003100,59,10,1,43,1
E02003017,E02003106,149,36,2,97,0
E02003017,E02003107,53,3,1,44,0
E02003017,E02003108,26,0,0,25,0
E02003017,E02006887,140,20,13,57,2
E02003018,E02003012,26,1,5,16,0
E02003018,E02003013,21,3,0,15,0
E02003018,E02003014,113,5,11,78,1
E02003018,E02003015,71,5,1,50,1
E02003018,E02003017,64,3,9,45,0
E02003018,E02003018,67,0,39,24,1
E02003018,E02003019,193,17,12,123,3
E02003018,E02003020,49,1,6,30,0
E02003018,E02003026,95,1,25,51,0
E02003018,E02003027,26,1,2,17,0
E02003018,E02003028,38,3,4,24,0
E02003018,E02003031,20,1,4,11,1
E02003018,E02003033,40,3,2,28,0
E02003018,E02003034,26,2,2,14,1
E02003018,E02003036,35,1,1,14,0
E02003018,E02003037,45,2,2,28,2
E02003018,E02003041,35,2,4,26,0
E02003018,E02003043,278,25,7,132,7
E02003018,E02003050,20,0,3,14,0
E02003018,E02003068,38,2,0,30,0
E02003018,E02003070,26,1,0,22,0
E02003018,E02003094,116,6,0,74,0
E02003018,E02003098,21,0,0,19,0
E02003018,E02003100,40,2,0,35,0
E02003018,E02003106,66,6,1,53,0
E02003018,E02003107,28,1,0,23,0
E02003018,E02006887,93,2,3,52,3
E02003019,E02003012,51,3,2,33,0
E02003019,E02003013,31,0,0,29,0
E02003019,E02003014,396,30,54,254,0
E02003019,E02003015,60,4,1,42,0
E02003019,E02003017,58,1,0,45,0
E02003019,E02003018,30,0,3,22,0
E02003019,E02003019,990,72,331,493,3
E02003019,E02003020,36,2,0,25,0
E02003019,E02003026,64,2,1,35,1
E02003019,E02003027,20,0,0,18,0
E02003019,E02003028,35,3,0,17,1
E02003019,E02003033,30,1,2,14,5
E02003019,E02003034,29,1,1,17,3
E02003019,E02003036,71,6,3,16,4
E02003019,E02003037,56,4,0,29,10
E02003019,E02003041,31,2,1,19,0
E02003019,E02003043,346,21,15,121,30
E02003019,E02003046,23,0,2,14,1
E02003019,E02003047,32,2,2,23,0
E02003019,E02003050,45,3,2,35,0
E02003019,E02003052,28,1,0,23,0
E02003019,E02003057,21,1,1,16,0
E02003019,E02003059,20,0,4,11,0
E02003019,E02003065,31,3,1,22,0
E02003019,E02003068,105,14,1,78,0
E02003019,E02003070,69,11,1,46,0
E02003019,E02003091,24,0,1,20,0
E02003019,E02003093,21,1,0,16,0
E02003019,E02003094,229,3,4,163,1
E02003019,E02003098,24,0,0,20,0
E02003019,E02003100,71,4,0,62,0
E02003019,E02003106,72,3,1,58,0
E02003019,E02003107,50,1,0,38,1
E02003019,E02006887,163,12,9,63,10
E02003019,E02006889,35,3,1,23,3
E02003020,E02003013,30,0,6,20,0
E02003020,E02003014,21,0,0,21,0
E02003020,E02003015,72,10,5,47,0
E02003020,E02003017,94,1,29,56,1
E02003020,E02003019,33,1,2,26,0
E02003020,E02003020,92,2,42,44,0
E02003020,E02003026,42,2,10,28,0
E02003020,E02003027,20,0,2,16,0
E02003020,E02003028,34,0,8,21,0
E02003020,E02003033,38,1,1,32,0
E02003020,E02003034,26,1,1,23,0
E02003020,E02003036,39,3,0,30,0
E02003020,E02003037,61,3,6,44,0
E02003020,E02003041,47,5,2,37,0
E02003020,E02003043,395,52,27,216,1
E02003020,E02003068,22,3,0,19,0
E02003020,E02003094,71,2,0,51,0
E02003020,E02003098,32,4,0,26,0
E02003020,E02003100,50,0,0,45,0
E02003020,E02003106,127,17,0,97,0
E02003020,E02003107,40,2,2,32,0
E02003020,E02006887,155,23,4,81,7
E02003020,E02006889,21,0,1,18,0
E02003021,E02003013,29,4,7,15,0
E02003021,E02003014,30,2,0,24,0
E02003021,E02003015,137,18,60,49,0
E02003021,E02003016,45,3,23,16,0
E02003021,E02003017,30,2,5,17,0
E02003021,E02003019,36,3,4,27,0
E02003021,E02003021,65,5,30,26,0
E02003021,E02003022,38,2,19,16,0
E02003021,E02003024,35,4,1,25,0
E02003021,E02003025,50,5,18,18,0
E02003021,E02003027,104,7,59,28,0
E02003021,E02003028,40,4,7,24,0
E02003021,E02003031,64,9,17,24,0
E02003021,E02003033,45,10,5,22,0
E02003021,E02003034,72,11,18,32,0
E02003021,E02003036,88,10,20,21,0
E02003021,E02003037,63,13,9,34,0
E02003021,E02003041,34,5,8,16,0
E02003021,E02003043,502,109,85,145,1
E02003021,E02003047,21,6,1,11,0
E02003021,E02003050,32,10,3,14,0
E02003021,E02003068,21,0,0,19,0
E02003021,E02003094,83,1,0,41,0
E02003021,E02003098,64,5,0,42,0
E02003021,E02003100,93,9,1,51,0
E02003021,E02003106,227,48,24,111,0
E02003021,E02003107,102,15,21,48,0
E02003021,E02006887,213,44,34,64,1
E02003021,E02006888,21,4,0,15,0
E02003021,E02006889,29,4,1,17,0
E02003022,E02003013,25,5,3,16,0
E02003022,E02003014,23,0,1,20,0
E02003022,E02003015,110,19,30,55,0
E02003022,E02003017,85,4,34,41,0
E02003022,E02003020,20,1,5,14,0
E02003022,E02003022,66,4,28,29,0
E02003022,E02003027,40,2,9,27,0
E02003022,E02003028,57,2,29,20,0
E02003022,E02003031,22,2,4,13,0
E02003022,E02003033,32,2,3,23,0
E02003022,E02003034,39,8,5,25,0
E02003022,E02003036,51,4,10,24,1
E02003022,E02003037,54,10,4,33,0
E02003022,E02003041,43,6,0,33,0
E02003022,E02003043,389,61,52,185,0
E02003022,E02003050,21,1,1,13,0
E02003022,E02003094,32,1,0,25,0
E02003022,E02003098,21,1,1,19,0
E02003022,E02003100,62,10,0,42,1
E02003022,E02003106,135,31,6,91,0
E02003022,E02003107,40,2,1,32,0
E02003022,E02006887,165,38,16,83,1
E02003023,E02003015,40,2,3,29,0
E02003023,E02003019,21,0,0,15,0
E02003023,E02003023,86,2,51,28,0
E02003023,E02003024,127,7,51,59,0
E02003023,E02003025,86,4,15,49,0
E02003023,E02003030,33,4,17,12,0
E02003023,E02003032,39,1,11,24,0
E02003023,E02003034,58,7,3,31,0
E02003023,E02003036,53,5,4,18,0
E02003023,E02003037,22,1,1,14,0
E02003023,E02003043,266,36,16,121,1
E02003023,E02003046,20,0,0,18,0
E02003023,E02003094,44,0,0,30,0
E02003023,E02003098,29,1,0,26,0
E02003023,E02003100,43,3,2,34,0
E02003023,E02003106,284,32,77,136,0
E02003023,E02003107,46,3,1,34,0
E02003023,E02003108,37,1,0,28,0
E02003023,E02003111,28,2,3,20,0
E02003023,E02003114,31,1,3,19,0
E02003023,E02003115,31,2,2,20,0
E02003023,E02003117,20,2,0,17,0
E02003023,E02006887,133,17,7,68,2
E02003023,E02006888,27,2,2,16,0
E02003023,E02006889,25,0,0,22,0
E02003024,E02003014,20,1,0,14,1
E02003024,E02003015,44,3,1,38,0
E02003024,E02003019,36,1,0,31,0
E02003024,E02003023,31,2,13,14,0
E02003024,E02003024,306,18,184,84,0
E02003024,E02003025,67,5,6,35,0
E02003024,E02003027,26,4,1,14,0
E02003024,E02003029,21,1,8,11,0
E02003024,E02003030,31,0,6,20,0
E02003024,E02003032,60,4,22,31,0
E02003024,E02003034,44,8,0,22,0
E02003024,E02003036,81,8,4,23,0
E02003024,E02003040,31,0,1,29,0
E02003024,E02003043,299,49,13,114,0
E02003024,E02003046,26,3,3,16,0
E02003024,E02003049,27,3,0,18,0
E02003024,E02003050,30,4,3,13,0
E02003024,E02003054,23,0,0,17,0
E02003024,E02003094,60,0,0,47,0
E02003024,E02003095,21,2,1,15,0
E02003024,E02003098,55,1,0,50,1
E02003024,E02003100,63,5,1,49,0
E02003024,E02003106,297,33,26,176,0
E02003024,E02003107,48,3,0,38,0
E02003024,E02003108,57,2,3,41,0
E02003024,E02003110,32,2,2,22,0
E02003024,E02003111,42,1,10,29,0
E02003024,E02003114,46,4,12,24,0
E02003024,E02003115,49,3,6,35,0
E02003024,E02003117,28,4,4,16,0
E02003024,E02006887,213,32,9,103,0
E02003024,E02006888,29,4,3,16,0
E02003024,E02006889,55,3,1,40,0
E02003024,E02006890,20,2,3,12,0
E02003025,E02003013,25,0,0,21,0
E02003025,E02003014,25,1,0,22,0
E02003025,E02003015,87,6,16,47,0
E02003025,E02003016,37,0,12,20,0
E02003025,E02003019,39,2,0,31,0
E02003025,E02003021,21,1,3,8,0
E02003025,E02003022,22,1,2,12,0
E02003025,E02003024,41,4,3,19,0
E02003025,E02003025,180,9,85,57,0
E02003025,E02003027,61,6,15,23,0
E02003025,E02003031,44,2,9,27,0
E02003025,E02003034,126,22,33,49,0
E02003025,E02003036,58,8,10,14,0
E02003025,E02003040,21,1,4,14,0
E02003025,E02003041,21,0,2,11,0
E02003025,E02003043,278,43,34,104,2
E02003025,E02003050,34,6,2,15,0
E02003025,E02003094,80,1,1,55,0
E02003025,E02003098,47,0,0,35,0
E02003025,E02003100,62,3,1,45,0
E02003025,E02003106,157,28,27,78,0
E02003025,E02003107,67,3,5,48,0
E02003025,E02003108,29,1,2,23,0
E02003025,E02006887,125,8,12,61,0
E02003025,E02006888,40,1,8,26,0
E02003025,E02006889,51,2,0,33,0
E02003026,E02003013,26,3,0,20,0
E02003026,E02003014,30,1,0,28,0
E02003026,E02003015,87,15,1,66,1
E02003026,E02003017,58,0,8,46,0
E02003026,E02003019,49,1,0,47,0
E02003026,E02003020,43,3,8,29,0
E02003026,E02003026,101,4,38,44,1
E02003026,E02003027,23,1,0,19,0
E02003026,E02003028,60,5,11,39,0
E02003026,E02003031,40,4,2,32,0
E02003026,E02003033,50,4,7,35,1
E02003026,E02003034,47,5,2,29,0
E02003026,E02003036,52,8,6,28,0
E02003026,E02003037,102,8,16,59,4
E02003026,E02003041,101,7,7,76,1
E02003026,E02003043,558,56,94,272,5
E02003026,E02003047,28,1,4,22,0
E02003026,E02003050,31,1,4,23,1
E02003026,E02003068,26,1,0,25,0
E02003026,E02003094,49,3,1,35,0
E02003026,E02003098,23,1,0,21,0
E02003026,E02003100,51,4,0,43,0
E02003026,E02003106,131,17,0,104,1
E02003026,E02003107,25,0,1,23,0
E02003026,E02006887,220,15,21,124,12
E02003027,E02003012,26,4,0,19,0
E02003027,E02003013,21,3,1,14,0
E02003027,E02003014,27,0,1,18,1
E02003027,E02003015,161,24,62,63,0
E02003027,E02003016,25,4,3,16,0
E02003027,E02003017,46,11,9,24,0
E02003027,E02003019,37,3,2,29,0
E02003027,E02003020,22,4,3,13,0
E02003027,E02003021,34,0,18,16,0
E02003027,E02003022,27,1,14,11,0
E02003027,E02003024,60,12,2,40,0
E02003027,E02003025,53,10,25,17,0
E02003027,E02003026,21,5,2,11,0
E02003027,E02003027,272,26,183,48,2
E02003027,E02003028,59,13,23,18,1
E02003027,E02003031,178,16,98,52,0
E02003027,E02003033,93,19,28,40,0
E02003027,E02003034,188,48,60,57,1
E02003027,E02003036,165,27,75,31,0
E02003027,E02003037,125,25,33,57,1
E02003027,E02003041,70,12,8,37,0
E02003027,E02003043,1166,311,357,262,6
E02003027,E02003046,37,10,2,17,2
E02003027,E02003047,37,12,5,16,0
E02003027,E02003050,47,11,3,22,0
E02003027,E02003064,24,0,1,18,0
E02003027,E02003068,30,4,0,24,0
E02003027,E02003070,24,1,1,19,1
E02003027,E02003090,29,3,1,22,0
E02003027,E02003091,26,0,2,22,0
E02003027,E02003094,92,4,2,54,0
E02003027,E02003098,79,7,0,51,0
E02003027,E02003100,144,26,2,77,1
E02003027,E02003106,372,99,21,174,4
E02003027,E02003107,95,24,3,50,0
E02003027,E02003108,38,1,0,35,1
E02003027,E02003110,25,0,0,22,0
E02003027,E02003117,25,1,3,17,0
E02003027,E02006887,409,100,99,112,7
E02003027,E02006888,44,9,6,15,5
E02003027,E02006889,50,3,7,35,1
E02003028,E02003013,20,2,3,14,0
E02003028,E02003014,25,1,0,23,0
E02003028,E02003015,101,19,19,55,0
E02003028,E02003017,54,2,24,21,0
E02003028,E02003019,28,1,1,24,0
E02003028,E02003020,30,1,10,17,0
E02003028,E02003022,23,3,13,7,0
E02003028,E02003024,29,1,2,23,0
E02003028,E02003025,25,6,3,14,0
E02003028,E02003026,22,4,6,12,0
E02003028,E02003027,43,3,17,22,0
E02003028,E02003028,159,8,111,33,1
E02003028,E02003031,79,15,21,38,0
E02003028,E02003033,99,7,49,38,0
E02003028,E02003034,63,19,13,21,1
E02003028,E02003036,106,23,34,35,0
E02003028,E02003037,149,21,74,49,0
E02003028,E02003041,106,16,25,54,2
E02003028,E02003043,774,150,316,191,2
E02003028,E02003050,21,4,5,11,0
E02003028,E02003094,39,3,0,26,1
E02003028,E02003098,44,4,0,26,0
E02003028,E02003100,103,15,0,68,0
E02003028,E02003106,211,58,5,132,2
E02003028,E02003107,56,9,2,41,0
E02003028,E02006887,233,54,51,83,17
E02003028,E02006889,21,2,2,15,1
E02003029,E02003015,33,1,3,23,0
E02003029,E02003019,21,0,0,19,0
E02003029,E02003024,144,7,61,67,0
E02003029,E02003025,35,4,3,21,0
E02003029,E02003029,54,4,23,19,0
E02003029,E02003030,28,1,6,19,0
E02003029,E02003032,69,5,25,32,0
E02003029,E02003034,32,5,1,17,0
E02003029,E02003036,50,2,0,18,0
E02003029,E02003040,40,1,1,28,0
E02003029,E02003043,232,26,14,105,0
E02003029,E02003050,22,2,1,14,0
E02003029,E02003094,39,2,0,24,0
E02003029,E02003098,41,2,0,34,0
E02003029,E02003100,42,0,0,33,0
E02003029,E02003106,160,10,6,109,0
E02003029,E02003107,41,2,3,29,0
E02003029,E02003108,56,4,2,40,0
E02003029,E02003110,24,1,1,15,0
E02003029,E02003111,30,1,9,17,1
E02003029,E02003114,38,1,6,26,0
E02003029,E02003115,82,3,38,32,0
E02003029,E02003117,37,0,5,28,0
E02003029,E02006887,105,11,5,52,0
E02003029,E02006888,27,4,0,16,0
E02003029,E02006889,51,3,1,38,0
E02003029,E02006890,20,1,4,12,0
E02003030,E02003015,45,2,0,32,0
E02003030,E02003019,25,0,2,19,1
E02003030,E02003023,23,0,9,10,0
E02003030,E02003024,130,11,46,63,0
E02003030,E02003025,112,4,40,47,1
E02003030,E02003027,27,1,3,21,0
E02003030,E02003030,60,5,31,17,0
E02003030,E02003032,75,14,30,27,0
E02003030,E02003034,76,14,10,36,0
E02003030,E02003036,106,20,7,23,0
E02003030,E02003037,24,3,1,14,1
E02003030,E02003040,36,2,3,27,0
E02003030,E02003041,26,1,0,15,1
E02003030,E02003043,405,70,36,142,6
E02003030,E02003046,35,1,5,26,0
E02003030,E02003049,24,3,2,14,0
E02003030,E02003050,37,2,1,23,0
E02003030,E02003052,22,1,1,16,0
E02003030,E02003054,21,2,0,18,0
E02003030,E02003056,26,2,3,20,0
E02003030,E02003094,31,1,0,20,0
E02003030,E02003098,33,0,1,26,0
E02003030,E02003100,61,0,0,53,0
E02003030,E02003106,207,13,9,140,3
E02003030,E02003107,42,1,0,36,0
E02003030,E02003108,42,4,1,28,0
E02003030,E02003110,35,3,0,18,0
E02003030,E02003115,26,2,2,20,0
E02003030,E02006887,246,41,25,102,3
E02003030,E02006888,61,8,10,31,0
E02003030,E02006889,66,6,9,37,0
E02003030,E02006890,43,2,16,23,0
E02003031,E02003013,20,2,2,11,0
E02003031,E02003014,26,3,0,17,1
E02003031,E02003015,74,18,10,38,1
E02003031,E02003017,30,3,9,15,0
E02003031,E02003019,38,2,4,21,7
E02003031,E02003024,50,7,2,31,0
E02003031,E02003025,42,11,10,21,0
E02003031,E02003027,86,14,54,18,0
E02003031,E02003028,58,9,27,19,0
E02003031,E02003031,203,18,127,49,1
E02003031,E02003032,24,9,3,10,0
E02003031,E02003033,125,16,59,43,2
E02003031,E02003034,177,39,88,36,1
E02003031,E02003036,161,20,103,23,0
E02003031,E02003037,132,26,64,31,7
E02003031,E02003041,78,20,20,29,2
E02003031,E02003043,1221,305,600,176,7
E02003031,E02003046,25,1,2,19,2
E02003031,E02003047,35,13,4,12,0
E02003031,E02003050,38,10,3,14,0
E02003031,E02003057,22,3,1,15,0
E02003031,E02003064,20,3,1,13,0
E02003031,E02003068,28,1,1,21,1
E02003031,E02003094,58,5,5,27,0
E02003031,E02003098,40,4,0,28,1
E02003031,E02003100,119,23,2,63,2
E02003031,E02003106,250,62,7,130,3
E02003031,E02003107,62,17,5,35,0
E02003031,E02003110,24,6,0,18,0
E02003031,E02006887,363,70,172,69,13
E02003031,E02006888,36,7,5,15,7
E02003031,E02006889,48,14,4,25,2
E02003032,E02003014,39,0,0,37,1
E02003032,E02003015,38,2,0,28,0
E02003032,E02003019,32,0,2,24,0
E02003032,E02003023,20,0,5,10,0
E02003032,E02003024,176,11,85,63,0
E02003032,E02003025,60,2,9,37,0
E02003032,E02003027,22,2,0,19,0
E02003032,E02003029,32,2,17,11,0
E02003032,E02003030,41,3,14,23,0
E02003032,E02003031,29,2,1,17,2
E02003032,E02003032,176,6,104,58,0
E02003032,E02003034,58,8,1,32,0
E02003032,E02003036,91,11,4,31,0
E02003032,E02003037,20,1,0,10,0
E02003032,E02003038,21,0,10,11,0
E02003032,E02003040,57,2,10,38,0
E02003032,E02003043,318,42,20,120,1
E02003032,E02003046,39,6,1,25,0
E02003032,E02003049,29,3,0,22,0
E02003032,E02003050,31,3,1,20,0
E02003032,E02003054,33,2,0,25,0
E02003032,E02003094,38,3,0,25,0
E02003032,E02003098,57,3,1,45,1
E02003032,E02003100,61,4,0,47,0
E02003032,E02003106,177,13,10,126,0
E02003032,E02003107,49,3,1,37,0
E02003032,E02003108,67,5,0,51,0
E02003032,E02003110,28,1,0,22,0
E02003032,E02003111,31,4,1,21,0
E02003032,E02003114,40,3,4,29,0
E02003032,E02003115,56,3,23,25,0
E02003032,E02003117,45,4,7,28,0
E02003032,E02003118,27,3,0,19,0
E02003032,E02003121,26,2,2,16,0
E02003032,E02006887,168,25,6,79,0
E02003032,E02006888,44,5,4,20,0
E02003032,E02006889,63,5,5,41,0
E02003032,E02006890,20,1,2,16,0
E02003033,E02003014,22,2,0,13,1
E02003033,E02003015,65,13,3,38,0
E02003033,E02003017,29,6,5,13,0
E02003033,E02003019,20,5,2,11,1
E02003033,E02003026,47,12,10,21,0
E02003033,E02003028,45,2,29,8,0
E02003033,E02003031,59,8,21,25,1
E02003033,E02003033,155,13,105,29,2
E02003033,E02003034,73,10,32,24,1
E02003033,E02003036,140,25,92,8,1
E02003033,E02003037,200,19,154,24,1
E02003033,E02003041,94,8,53,28,0
E02003033,E02003043,1093,120,802,110,5
E02003033,E02003046,24,6,1,14,1
E02003033,E02003047,26,4,6,14,0
E02003033,E02003050,23,8,3,10,0
E02003033,E02003068,20,1,0,16,0
E02003033,E02003094,31,0,2,20,0
E02003033,E02003100,89,9,2,51,0
E02003033,E02003106,196,27,2,121,8
E02003033,E02003107,49,8,4,28,1
E02003033,E02006887,341,37,185,74,18
E02003033,E02006889,23,1,4,15,0
E02003034,E02003012,20,1,1,10,0
E02003034,E02003014,44,2,5,31,2
E02003034,E02003015,68,11,9,29,0
E02003034,E02003019,34,4,3,15,3
E02003034,E02003021,25,1,7,10,0
E02003034,E02003024,60,16,3,30,0
E02003034,E02003025,86,16,35,27,0
E02003034,E02003027,62,9,28,21,0
E02003034,E02003028,48,6,22,14,0
E02003034,E02003031,123,15,72,23,2
E02003034,E02003033,76,21,30,15,1
E02003034,E02003034,417,58,266,58,1
E02003034,E02003036,230,36,158,15,3
E02003034,E02003037,94,24,43,17,4
E02003034,E02003040,26,4,8,12,0
E02003034,E02003041,55,13,11,21,2
E02003034,E02003043,1177,281,711,100,7
E02003034,E02003046,34,13,4,16,0
E02003034,E02003047,46,14,13,13,0
E02003034,E02003050,76,16,21,26,1
E02003034,E02003052,21,2,4,8,1
E02003034,E02003054,26,4,1,10,0
E02003034,E02003064,26,1,1,17,0
E02003034,E02003068,21,1,1,14,0
E02003034,E02003070,24,0,1,10,4
E02003034,E02003072,25,0,17,6,0
E02003034,E02003093,32,0,0,29,0
E02003034,E02003094,24,0,3,11,0
E02003034,E02003098,36,3,1,17,1
E02003034,E02003100,95,17,5,46,1
E02003034,E02003106,180,45,12,77,2
E02003034,E02003107,72,5,0,49,2
E02003034,E02003108,35,2,0,27,0
E02003034,E02003117,32,8,2,18,0
E02003034,E02006887,391,65,239,56,7
E02003034,E02006888,88,19,20,36,1
E02003034,E02006889,74,15,27,20,1
E02003034,E02006890,22,3,14,5,0
E02003036,E02003015,47,4,2,33,0
E02003036,E02003017,25,4,3,14,0
E02003036,E02003024,29,14,2,9,0
E02003036,E02003027,28,4,11,8,0
E02003036,E02003028,31,6,16,9,0
E02003036,E02003031,65,4,40,13,1
E02003036,E02003033,84,5,69,8,0
E02003036,E02003034,110,12,69,23,0
E02003036,E02003036,189,6,165,13,0
E02003036,E02003037,114,20,81,10,0
E02003036,E02003041,64,13,25,19,0
E02003036,E02003043,1099,115,868,54,5
E02003036,E02003050,39,11,9,12,0
E02003036,E02003070,20,3,1,14,0
E02003036,E02003094,37,2,4,17,0
E02003036,E02003098,28,2,0,20,0
E02003036,E02003100,73,9,3,31,1
E02003036,E02003106,158,27,4,83,5
E02003036,E02003107,58,12,0,36,0
E02003036,E02006887,348,49,230,37,14
E02003036,E02006889,26,7,5,11,0
E02003037,E02003015,46,5,4,31,0
E02003037,E02003017,26,1,7,15,0
E02003037,E02003027,20,4,2,13,0
E02003037,E02003028,36,3,20,12,0
E02003037,E02003031,32,5,6,17,0
E02003037,E02003033,105,7,75,19,3
E02003037,E02003034,64,7,27,21,0
E02003037,E02003036,120,11,76,13,0
E02003037,E02003037,262,13,211,34,0
E02003037,E02003041,159,10,111,26,1
E02003037,E02003043,1186,88,908,110,3
E02003037,E02003046,31,4,1,21,1
E02003037,E02003050,29,3,3,22,0
E02003037,E02003068,33,2,1,28,0
E02003037,E02003094,45,0,1,32,0
E02003037,E02003098,39,2,0,34,1
E02003037,E02003100,100,13,0,59,2
E02003037,E02003106,179,31,3,111,3
E02003037,E02003107,61,7,1,48,0
E02003037,E02006887,429,49,225,93,18
E02003037,E02006889,20,3,5,7,2
E02003038,E02003014,22,0,0,21,0
E02003038,E02003015,31,1,1,28,0
E02003038,E02003019,35,0,1,24,0
E02003038,E02003024,78,4,11,46,0
E02003038,E02003025,32,1,4,23,0
E02003038,E02003027,20,2,1,14,0
E02003038,E02003030,26,2,4,18,0
E02003038,E02003032,75,4,27,37,0
E02003038,E02003034,40,7,2,16,0
E02003038,E02003036,58,4,5,25,0
E02003038,E02003038,95,3,55,32,0
E02003038,E02003039,29,1,15,9,0
E02003038,E02003040,42,1,5,29,0
E02003038,E02003043,279,22,20,109,0
E02003038,E02003046,32,0,0,28,0
E02003038,E02003049,21,2,1,16,0
E02003038,E02003050,32,3,1,21,0
E02003038,E02003054,22,0,0,16,0
E02003038,E02003094,47,0,0,39,0
E02003038,E02003098,27,1,0,24,0
E02003038,E02003100,62,4,1,51,0
E02003038,E02003106,116,7,2,91,1
E02003038,E02003107,35,1,2,26,0
E02003038,E02003108,71,4,0,58,0
E02003038,E02003110,35,0,1,26,0
E02003038,E02003114,40,2,3,32,0
E02003038,E02003115,84,0,38,38,0
E02003038,E02003116,37,2,10,21,0
E02003038,E02003117,96,5,37,49,0
E02003038,E02003118,30,1,3,20,0
E02003038,E02003119,27,1,0,23,0
E02003038,E02003120,40,2,7,28,0
E02003038,E02003121,57,3,7,36,0
E02003038,E02006887,187,18,11,84,2
E02003038,E02006888,36,4,2,20,0
E02003038,E02006889,74,2,6,52,0
E02003039,E02003014,21,0,0,20,0
E02003039,E02003015,39,1,1,29,0
E02003039,E02003019,35,2,0,27,0
E02003039,E02003024,75,2,10,48,0
E02003039,E02003025,66,4,6,44,0
E02003039,E02003027,23,2,1,17,0
E02003039,E02003030,22,1,6,13,0
E02003039,E02003032,84,7,26,37,0
E02003039,E02003034,73,8,3,46,0
E02003039,E02003036,96,13,6,23,0
E02003039,E02003037,26,6,1,12,1
E02003039,E02003038,30,0,7,19,0
E02003039,E02003039,111,3,75,21,0
E02003039,E02003040,88,1,27,49,0
E02003039,E02003041,21,0,0,15,1
E02003039,E02003043,428,46,41,155,2
E02003039,E02003044,30,3,4,23,0
E02003039,E02003046,54,2,5,40,0
E02003039,E02003047,23,0,1,15,0
E02003039,E02003049,24,1,1,19,0
E02003039,E02003050,25,3,3,14,0
E02003039,E02003052,24,1,0,16,0
E02003039,E02003054,33,2,2,24,0
E02003039,E02003094,40,0,1,30,1
E02003039,E02003098,36,2,0,27,0
E02003039,E02003100,54,5,0,46,0
E02003039,E02003106,122,12,2,89,3
E02003039,E02003107,42,1,1,34,1
E02003039,E02003108,54,2,3,43,0
E02003039,E02003110,23,1,0,21,0
E02003039,E02003114,29,1,2,25,0
E02003039,E02003115,53,0,7,29,1
E02003039,E02003117,60,3,8,39,1
E02003039,E02003118,33,2,2,22,0
E02003039,E02003119,22,1,1,16,0
E02003039,E02003120,32,1,7,18,0
E02003039,E02003121,41,1,3,28,0
E02003039,E02006887,254,32,32,98,2
E02003039,E02006888,63,3,11,37,0
E02003039,E02006889,90,1,12,57,0
E02003039,E02006890,27,1,9,15,0
E02003040,E02003012,20,4,1,9,0
E02003040,E02003014,46,4,2,28,3
E02003040,E02003015,29,2,1,19,0
E02003040,E02003019,35,0,0,24,5
E02003040,E02003024,76,11,13,41,0
E02003040,E02003025,71,5,17,38,0
E02003040,E02003027,24,1,0,14,2
E02003040,E02003028,25,2,1,16,2
E02003040,E02003030,27,0,16,6,0
E02003040,E02003031,24,1,1,15,2
E02003040,E02003032,54,11,16,22,0
E02003040,E02003033,31,1,6,15,4
E02003040,E02003034,130,25,27,51,1
E02003040,E02003036,148,13,48,21,0
E02003040,E02003037,48,6,4,11,14
E02003040,E02003039,39,3,21,11,0
E02003040,E02003040,197,3,133,48,1
E02003040,E02003041,37,4,4,19,4
E02003040,E02003043,714,133,141,146,14
E02003040,E02003046,70,7,23,35,1
E02003040,E02003047,24,3,1,17,0
E02003040,E02003049,31,2,2,20,0
E02003040,E02003050,57,9,4,24,2
E02003040,E02003052,31,2,2,19,0
E02003040,E02003054,34,2,1,22,0
E02003040,E02003064,29,2,0,18,0
E02003040,E02003070,23,1,0,19,1
E02003040,E02003092,20,0,1,15,1
E02003040,E02003094,53,0,3,33,0
E02003040,E02003098,42,2,2,28,0
E02003040,E02003100,69,7,1,53,0
E02003040,E02003106,154,21,2,102,9
E02003040,E02003107,43,5,1,24,3
E02003040,E02003108,53,4,2,35,0
E02003040,E02003110,20,0,0,12,0
E02003040,E02003115,25,4,0,15,0
E02003040,E02003117,42,5,4,23,0
E02003040,E02003118,25,2,0,13,0
E02003040,E02003119,20,1,1,12,0
E02003040,E02003121,32,0,3,21,0
E02003040,E02006887,383,44,138,109,9
E02003040,E02006888,82,9,39,25,0
E02003040,E02006889,153,10,68,61,1
E02003040,E02006890,38,0,13,21,1
E02003041,E02003015,42,8,0,27,0
E02003041,E02003017,22,0,1,19,1
E02003041,E02003031,21,2,6,11,0
E02003041,E02003033,47,9,26,8,0
E02003041,E02003034,36,3,19,11,0
E02003041,E02003036,64,13,34,6,0
E02003041,E02003037,126,11,93,19,1
E02003041,E02003041,251,2,217,25,0
E02003041,E02003043,808,68,592,92,1
E02003041,E02003045,26,0,19,7,0
E02003041,E02003047,30,3,9,17,0
E02003041,E02003050,24,2,4,14,0
E02003041,E02003098,29,2,0,26,0
E02003041,E02003100,66,7,3,41,1
E02003041,E02003106,144,20,4,104,1
E02003041,E02006887,299,44,145,73,3
E02003043,E02003015,21,2,0,9,0
E02003043,E02003019,25,2,3,14,2
E02003043,E02003025,20,2,4,6,0
E02003043,E02003027,31,2,8,13,0
E02003043,E02003031,36,5,20,6,0
E02003043,E02003033,45,0,29,12,0
E02003043,E02003034,72,8,43,14,0
E02003043,E02003036,174,4,153,5,1
E02003043,E02003037,144,9,108,17,0
E02003043,E02003041,92,6,57,15,1
E02003043,E02003043,1493,66,1296,64,8
E02003043,E02003046,30,2,11,12,0
E02003043,E02003047,35,6,8,19,0
E02003043,E02003050,69,8,35,21,1
E02003043,E02003057,25,0,3,9,0
E02003043,E02003068,20,0,3,11,0
E02003043,E02003070,27,1,1,15,0
E02003043,E02003094,33,4,3,15,1
E02003043,E02003098,30,2,0,15,1
E02003043,E02003100,72,6,3,42,1
E02003043,E02003106,197,27,2,89,22
E02003043,E02003107,39,3,1,20,2
E02003043,E02003108,21,1,1,13,2
E02003043,E02006887,464,38,352,47,4
E02003043,E02006889,30,3,9,15,1
E02003044,E02003019,35,1,1,27,0
E02003044,E02003024,38,2,2,29,0
E02003044,E02003025,24,2,1,18,1
E02003044,E02003031,20,0,1,19,0
E02003044,E02003032,51,8,4,33,0
E02003044,E02003034,41,3,3,20,0
E02003044,E02003036,77,6,3,25,0
E02003044,E02003038,33,0,14,17,0
E02003044,E02003039,58,1,26,27,0
E02003044,E02003040,47,5,7,32,0
E02003044,E02003043,299,29,16,134,1
E02003044,E02003044,70,4,15,49,0
E02003044,E02003046,42,4,4,27,0
E02003044,E02003049,29,2,0,24,0
E02003044,E02003050,38,3,1,24,0
E02003044,E02003052,21,0,0,17,0
E02003044,E02003054,31,3,0,26,0
E02003044,E02003064,23,1,1,17,0
E02003044,E02003094,25,0,0,19,0
E02003044,E02003098,22,1,0,17,0
E02003044,E02003100,50,2,0,41,0
E02003044,E02003106,119,5,0,101,3
E02003044,E02003107,35,1,1,31,0
E02003044,E02003108,43,3,0,39,0
E02003044,E02003110,29,1,0,25,0
E02003044,E02003115,53,1,4,41,0
E02003044,E02003117,86,2,17,63,0
E02003044,E02003118,25,1,1,21,0
E02003044,E02003120,90,5,32,44,0
E02003044,E02003121,87,2,11,61,0
E02003044,E02006887,223,24,24,116,1
E02003044,E02006888,29,2,4,19,0
E02003044,E02006889,63,9,1,48,0
E02003045,E02003015,29,5,2,17,0
E02003045,E02003019,20,2,1,12,1
E02003045,E02003024,22,0,0,13,0
E02003045,E02003033,40,2,18,15,0
E02003045,E02003034,59,9,22,11,0
E02003045,E02003036,91,11,62,8,0
E02003045,E02003037,108,13,62,22,1
E02003045,E02003041,117,7,92,14,1
E02003045,E02003043,874,98,677,52,4
E02003045,E02003045,49,1,34,11,0
E02003045,E02003047,36,7,9,18,1
E02003045,E02003050,58,13,11,31,0
E02003045,E02003057,23,3,1,8,1
E02003045,E02003070,26,0,3,19,0
E02003045,E02003100,39,4,0,22,0
E02003045,E02003106,89,16,1,58,3
E02003045,E02003107,30,4,0,21,0
E02003045,E02006887,324,46,191,55,2
E02003046,E02002985,20,1,0,17,0
E02003046,E02003014,45,2,0,38,0
E02003046,E02003015,26,1,1,23,0
E02003046,E02003019,59,1,4,50,3
E02003046,E02003024,41,0,3,31,1
E02003046,E02003025,26,1,2,17,0
E02003046,E02003027,20,0,1,16,0
E02003046,E02003032,34,2,1,29,0
E02003046,E02003034,90,13,12,45,1
E02003046,E02003036,141,16,31,32,1
E02003046,E02003037,36,3,2,21,2
E02003046,E02003040,74,4,16,41,1
E02003046,E02003041,38,0,1,27,0
E02003046,E02003043,702,111,117,241,0
E02003046,E02003046,337,9,181,119,3
E02003046,E02003047,37,4,0,26,0
E02003046,E02003049,164,15,36,87,0
E02003046,E02003050,96,5,18,60,0
E02003046,E02003052,37,3,2,25,0
E02003046,E02003053,31,1,6,18,0
E02003046,E02003054,152,6,51,70,1
E02003046,E02003056,42,2,0,32,0
E02003046,E02003057,34,1,0,29,0
E02003046,E02003058,38,1,2,28,1
E02003046,E02003059,29,2,2,18,0
E02003046,E02003064,28,1,0,23,0
E02003046,E02003068,27,3,1,22,0
E02003046,E02003070,21,0,0,20,0
E02003046,E02003094,41,0,1,33,0
E02003046,E02003098,32,1,0,26,1
E02003046,E02003100,93,0,2,72,2
E02003046,E02003106,116,13,4,85,7
E02003046,E02003107,30,2,2,22,1
E02003046,E02003108,38,1,0,29,1
E02003046,E02003110,30,1,6,22,0
E02003046,E02003117,22,3,1,16,0
E02003046,E02006887,533,75,130,200,1
E02003046,E02006888,51,3,4,40,0
E02003046,E02006889,167,14,50,88,0
E02003047,E02003014,34,0,0,33,0
E02003047,E02003015,36,9,2,22,0
E02003047,E02003017,28,2,1,19,0
E02003047,E02003019,43,2,2,30,0
E02003047,E02003024,35,5,2,19,0
E02003047,E02003025,20,3,2,14,0
E02003047,E02003027,30,5,2,14,0
E02003047,E02003031,21,11,1,7,1
E02003047,E02003033,46,10,13,18,0
E02003047,E02003034,114,21,47,39,0
E02003047,E02003036,143,33,73,14,0
E02003047,E02003037,77,9,30,29,1
E02003047,E02003041,80,10,27,38,0
E02003047,E02003043,1300,287,751,148,8
E02003047,E02003045,21,6,9,5,0
E02003047,E02003046,55,15,7,31,0
E02003047,E02003047,324,18,218,69,1
E02003047,E02003049,29,5,3,17,0
E02003047,E02003050,193,15,98,68,1
E02003047,E02003052,115,11,60,35,0
E02003047,E02003054,36,5,1,22,0
E02003047,E02003056,39,4,4,25,0
E02003047,E02003057,55,7,11,32,0
E02003047,E02003058,34,4,5,22,0
E02003047,E02003059,37,5,5,23,0
E02003047,E02003064,41,3,2,26,0
E02003047,E02003068,35,6,1,22,0
E02003047,E02003070,54,6,5,40,0
E02003047,E02003075,24,0,0,17,0
E02003047,E02003094,31,1,1,22,0
E02003047,E02003098,32,1,0,29,1
E02003047,E02003100,81,8,1,63,0
E02003047,E02003106,131,17,4,82,10
E02003047,E02003107,43,7,0,26,4
E02003047,E02003108,20,0,0,15,0
E02003047,E02006887,455,99,260,59,2
E02003047,E02006888,23,2,3,12,1
E02003047,E02006889,43,8,12,22,0
E02003048,E02003014,25,1,1,19,2
E02003048,E02003015,21,3,2,13,0
E02003048,E02003019,36,1,1,24,0
E02003048,E02003024,29,5,1,19,0
E02003048,E02003025,21,3,4,10,0
E02003048,E02003027,27,5,3,15,0
E02003048,E02003031,20,2,0,11,1
E02003048,E02003033,26,3,6,8,2
E02003048,E02003034,86,21,21,31,1
E02003048,E02003036,106,13,58,8,0
E02003048,E02003037,55,7,13,20,1
E02003048,E02003040,23,1,2,19,0
E02003048,E02003041,28,6,3,14,0
E02003048,E02003043,767,136,405,108,3
E02003048,E02003046,42,5,19,16,1
E02003048,E02003047,51,9,14,21,0
E02003048,E02003048,66,4,47,12,1
E02003048,E02003049,30,5,5,12,0
E02003048,E02003050,121,12,69,31,1
E02003048,E02003051,21,2,14,5,0
E02003048,E02003052,27,5,5,17,0
E02003048,E02003053,40,0,22,16,1
E02003048,E02003054,49,2,15,22,0
E02003048,E02003057,23,0,0,8,0
E02003048,E02003058,32,1,7,17,0
E02003048,E02003064,20,3,0,12,0
E02003048,E02003070,20,3,0,12,1
E02003048,E02003098,33,1,3,23,3
E02003048,E02003100,54,5,2,32,5
E02003048,E02003106,63,5,2,33,16
E02003048,E02003107,26,1,1,17,2
E02003048,E02006887,471,47,320,63,1
E02003048,E02006888,21,5,2,10,0
E02003048,E02006889,40,9,15,11,0
E02003049,E02003014,32,0,0,27,0
E02003049,E02003019,29,0,2,23,1
E02003049,E02003024,20,0,0,17,0
E02003049,E02003032,34,1,2,27,0
E02003049,E02003034,52,8,5,22,0
E02003049,E02003036,56,7,6,11,0
E02003049,E02003040,36,2,1,26,0
E02003049,E02003041,33,2,1,14,0
E02003049,E02003043,389,36,39,123,0
E02003049,E02003046,165,4,37,96,1
E02003049,E02003047,24,3,0,17,0
E02003049,E02003049,261,11,104,124,1
E02003049,E02003050,70,5,5,47,0
E02003049,E02003052,30,3,1,21,0
E02003049,E02003053,27,0,4,20,0
E02003049,E02003054,145,3,67,64,0
E02003049,E02003056,29,1,1,22,0
E02003049,E02003057,21,0,2,18,0
E02003049,E02003058,28,1,4,20,0
E02003049,E02003059,35,1,1,28,1
E02003049,E02003064,24,2,2,16,0
E02003049,E02003094,36,0,0,24,0
E02003049,E02003098,20,1,0,19,0
E02003049,E02003100,41,2,0,36,0
E02003049,E02003106,54,3,1,42,0
E02003049,E02003107,25,0,0,18,0
E02003049,E02003108,34,0,0,28,0
E02003049,E02006887,302,40,35,130,2
E02003049,E02006888,21,1,2,13,0
E02003049,E02006889,123,5,22,78,0
E02003050,E02003014,31,1,0,24,0
E02003050,E02003015,36,4,0,24,0
E02003050,E02003019,50,4,3,34,0
E02003050,E02003024,25,4,2,11,0
E02003050,E02003025,21,2,2,11,0
E02003050,E02003033,36,4,10,15,0
E02003050,E02003034,73,13,27,22,1
E02003050,E02003036,128,12,61,14,0
E02003050,E02003037,63,12,23,18,2
E02003050,E02003041,56,8,14,23,0
E02003050,E02003043,958,126,585,113,5
E02003050,E02003046,50,7,9,21,1
E02003050,E02003047,143,10,80,48,0
E02003050,E02003049,29,1,1,21,0
E02003050,E02003050,329,13,213,77,2
E02003050,E02003051,20,1,14,4,0
E02003050,E02003052,130,13,59,48,0
E02003050,E02003054,36,3,4,24,0
E02003050,E02003056,46,5,10,21,2
E02003050,E02003057,55,6,13,23,0
E02003050,E02003058,35,2,3,23,0
E02003050,E02003059,29,1,1,20,0
E02003050,E02003064,36,1,1,19,0
E02003050,E02003068,31,1,0,27,0
E02003050,E02003070,41,0,2,35,0
E02003050,E02003075,21,1,0,15,1
E02003050,E02003094,46,0,2,30,0
E02003050,E02003098,41,0,1,28,1
E02003050,E02003100,64,6,3,41,1
E02003050,E02003106,113,7,9,51,23
E02003050,E02003107,30,3,1,21,0
E02003050,E02003108,30,3,1,16,1
E02003050,E02006887,502,50,309,84,5
E02003050,E02006889,44,3,6,26,1
E02003051,E02003014,20,2,0,17,0
E02003051,E02003019,39,0,3,30,0
E02003051,E02003025,22,1,1,13,0
E02003051,E02003027,29,3,3,20,0
E02003051,E02003031,24,4,2,14,0
E02003051,E02003033,29,4,4,15,1
E02003051,E02003034,66,19,13,22,0
E02003051,E02003036,60,11,26,7,0
E02003051,E02003037,44,15,10,10,1
E02003051,E02003041,39,6,5,20,2
E02003051,E02003043,664,120,324,113,3
E02003051,E02003046,38,5,10,21,0
E02003051,E02003047,85,16,31,29,1
E02003051,E02003049,21,2,0,15,0
E02003051,E02003050,206,16,103,62,1
E02003051,E02003051,54,1,33,16,1
E02003051,E02003052,71,11,15,34,1
E02003051,E02003053,26,2,5,16,0
E02003051,E02003054,28,0,3,19,0
E02003051,E02003056,35,1,4,23,0
E02003051,E02003057,30,0,7,11,0
E02003051,E02003058,27,4,3,15,0
E02003051,E02003059,33,3,1,18,0
E02003051,E02003064,27,7,1,12,0
E02003051,E02003070,23,0,3,19,0
E02003051,E02003098,30,4,1,21,3
E02003051,E02003100,45,3,0,34,0
E02003051,E02003106,66,7,2,35,18
E02003051,E02003107,24,1,0,17,3
E02003051,E02006887,359,54,179,89,5
E02003051,E02006889,46,8,8,26,0
E02003052,E02003014,45,1,2,37,0
E02003052,E02003015,24,1,1,19,0
E02003052,E02003017,20,2,1,15,0
E02003052,E02003019,40,1,2,29,0
E02003052,E02003034,62,11,12,27,0
E02003052,E02003036,69,12,19,9,0
E02003052,E02003037,40,6,12,20,0
E02003052,E02003041,39,6,8,16,0
E02003052,E02003043,601,105,225,140,1
E02003052,E02003046,24,2,0,18,0
E02003052,E02003047,159,8,85,55,1
E02003052,E02003049,21,1,0,16,0
E02003052,E02003050,197,8,82,84,0
E02003052,E02003052,196,7,110,65,0
E02003052,E02003056,38,1,6,24,0
E02003052,E02003057,54,4,8,35,0
E02003052,E02003058,30,4,3,19,0
E02003052,E02003059,26,0,2,17,0
E02003052,E02003064,39,3,2,24,0
E02003052,E02003068,36,1,1,27,0
E02003052,E02003070,32,0,5,24,0
E02003052,E02003072,21,0,4,16,0
E02003052,E02003094,26,0,0,18,0
E02003052,E02003100,44,4,1,34,0
E02003052,E02003106,97,7,10,51,19
E02003052,E02003107,22,0,3,15,1
E02003052,E02006887,273,34,109,70,4
E02003052,E02006889,49,10,3,31,1
E02003053,E02003015,24,1,2,17,0
E02003053,E02003019,40,2,2,31,1
E02003053,E02003024,40,3,2,26,0
E02003053,E02003028,23,1,1,11,0
E02003053,E02003033,25,3,2,11,0
E02003053,E02003034,69,5,13,34,1
E02003053,E02003036,99,8,27,16,0
E02003053,E02003037,35,2,2,20,1
E02003053,E02003041,28,2,3,16,0
E02003053,E02003043,622,92,172,170,2
E02003053,E02003046,64,4,12,42,1
E02003053,E02003047,50,8,3,37,0
E02003053,E02003048,28,1,16,11,0
E02003053,E02003049,59,7,10,35,0
E02003053,E02003050,70,10,18,38,0
E02003053,E02003052,32,4,1,22,0
E02003053,E02003053,174,2,126,36,1
E02003053,E02003054,82,4,27,38,1
E02003053,E02003055,28,2,10,14,0
E02003053,E02003056,59,4,5,38,0
E02003053,E02003057,36,2,1,30,0
E02003053,E02003058,52,5,5,38,0
E02003053,E02003059,40,2,1,33,0
E02003053,E02003063,28,2,2,18,0
E02003053,E02003064,25,0,0,19,0
E02003053,E02003068,20,1,0,17,0
E02003053,E02003070,28,3,1,20,0
E02003053,E02003094,32,0,1,23,0
E02003053,E02003098,26,0,0,19,2
E02003053,E02003100,43,0,1,31,2
E02003053,E02003106,97,2,6,68,7
E02003053,E02003107,36,3,0,25,1
E02003053,E02003108,34,0,0,25,2
E02003053,E02006887,326,25,136,89,2
E02003053,E02006888,25,3,0,18,0
E02003053,E02006889,57,11,8,33,0
E02003054,E02002985,28,3,3,14,0
E02003054,E02003019,30,0,0,25,0
E02003054,E02003024,23,1,0,17,0
E02003054,E02003034,61,9,3,31,0
E02003054,E02003036,78,3,11,19,0
E02003054,E02003040,31,0,2,25,0
E02003054,E02003041,23,1,2,15,1
E02003054,E02003043,440,47,56,122,0
E02003054,E02003046,120,5,51,54,0
E02003054,E02003047,28,1,1,23,0
E02003054,E02003049,145,9,41,80,0
E02003054,E02003050,70,6,9,43,1
E02003054,E02003052,27,1,0,22,0
E02003054,E02003053,42,0,12,27,0
E02003054,E02003054,205,8,87,92,0
E02003054,E02003056,38,2,3,29,0
E02003054,E02003057,30,1,0,22,0
E02003054,E02003058,24,2,6,14,0
E02003054,E02003059,29,1,2,18,0
E02003054,E02003060,23,0,5,15,0
E02003054,E02003064,26,1,0,23,0
E02003054,E02003094,36,1,2,26,0
E02003054,E02003098,20,2,0,17,0
E02003054,E02003100,35,1,1,27,0
E02003054,E02003106,64,4,0,50,2
E02003054,E02003107,35,4,0,25,0
E02003054,E02003108,23,1,0,20,0
E02003054,E02003117,20,1,1,16,0
E02003054,E02006887,289,26,53,123,1
E02003054,E02006889,99,8,22,50,0
E02003055,E02003014,39,0,2,32,0
E02003055,E02003015,27,1,2,16,0
E02003055,E02003019,47,2,0,39,0
E02003055,E02003024,21,1,2,11,0
E02003055,E02003025,21,3,4,8,1
E02003055,E02003034,50,2,4,23,0
E02003055,E02003036,86,5,10,17,0
E02003055,E02003037,26,4,2,13,1
E02003055,E02003041,26,1,2,14,0
E02003055,E02003043,393,22,75,100,0
E02003055,E02003046,51,4,4,35,0
E02003055,E02003047,38,2,2,22,0
E02003055,E02003049,57,7,5,38,0
E02003055,E02003050,164,4,25,93,0
E02003055,E02003052,69,4,6,41,0
E02003055,E02003053,96,4,53,23,0
E02003055,E02003054,75,1,6,48,0
E02003055,E02003055,67,2,30,26,0
E02003055,E02003056,122,3,43,60,0
E02003055,E02003057,36,1,3,27,0
E02003055,E02003058,88,4,32,42,0
E02003055,E02003059,54,3,9,29,0
E02003055,E02003063,20,2,2,6,0
E02003055,E02003064,28,1,4,18,0
E02003055,E02003068,26,0,0,25,0
E02003055,E02003094,31,0,0,19,0
E02003055,E02003100,31,1,0,22,1
E02003055,E02003106,40,1,2,24,4
E02003055,E02003108,29,0,0,21,0
E02003055,E02006887,233,25,63,77,1
E02003055,E02006889,57,8,4,31,0
E02003056,E02003014,37,0,0,31,0
E02003056,E02003019,44,0,0,42,0
E02003056,E02003024,27,1,4,13,0
E02003056,E02003034,27,2,4,14,0
E02003056,E02003036,63,5,6,17,0
E02003056,E02003043,361,21,41,108,0
E02003056,E02003046,35,1,0,23,0
E02003056,E02003047,37,2,7,20,0
E02003056,E02003049,37,7,3,18,0
E02003056,E02003050,188,9,38,85,0
E02003056,E02003051,23,0,7,10,0
E02003056,E02003052,92,7,10,60,0
E02003056,E02003053,28,1,6,12,0
E02003056,E02003054,55,0,4,37,0
E02003056,E02003055,38,0,10,28,0
E02003056,E02003056,172,1,92,59,0
E02003056,E02003057,51,3,5,33,0
E02003056,E02003058,55,2,13,30,0
E02003056,E02003059,56,3,20,22,1
E02003056,E02003064,34,0,6,25,0
E02003056,E02003068,23,1,0,19,0
E02003056,E02003094,35,1,1,25,0
E02003056,E02003106,31,1,1,23,0
E02003056,E02006887,169,7,19,77,3
E02003056,E02006888,20,0,3,12,0
E02003056,E02006889,51,5,3,33,0
E02003057,E02003019,57,1,1,45,0
E02003057,E02003034,21,1,4,12,0
E02003057,E02003036,56,2,3,19,0
E02003057,E02003037,29,1,0,19,0
E02003057,E02003043,314,24,32,132,0
E02003057,E02003046,24,0,2,17,0
E02003057,E02003047,57,0,8,42,0
E02003057,E02003049,26,0,2,20,0
E02003057,E02003050,140,6,20,79,0
E02003057,E02003052,104,6,20,62,1
E02003057,E02003054,43,1,0,38,0
E02003057,E02003056,40,0,2,33,0
E02003057,E02003057,216,3,115,81,0
E02003057,E02003058,23,1,4,14,0
E02003057,E02003059,101,5,23,61,0
E02003057,E02003060,20,1,8,9,0
E02003057,E02003064,48,0,8,30,0
E02003057,E02003070,25,0,0,21,0
E02003057,E02003093,20,0,4,15,0
E02003057,E02003094,30,0,2,23,0
E02003057,E02003100,23,1,0,19,0
E02003057,E02003106,45,0,1,27,11
E02003057,E02006887,153,12,19,78,2
E02003057,E02006889,50,2,3,41,0
E02003058,E02003005,20,0,0,19,0
E02003058,E02003014,29,0,0,24,0
E02003058,E02003019,55,1,1,48,1
E02003058,E02003024,32,0,2,26,0
E02003058,E02003025,22,1,2,14,0
E02003058,E02003032,23,0,1,19,0
E02003058,E02003034,55,5,3,31,0
E02003058,E02003036,81,3,4,22,0
E02003058,E02003040,22,0,1,18,0
E02003058,E02003043,420,16,27,184,0
E02003058,E02003046,76,1,3,61,0
E02003058,E02003047,39,1,2,31,0
E02003058,E02003049,86,7,2,60,0
E02003058,E02003050,115,1,11,79,0
E02003058,E02003052,56,3,1,49,0
E02003058,E02003053,74,0,18,40,0
E02003058,E02003054,109,5,17,74,0
E02003058,E02003056,131,6,7,98,0
E02003058,E02003057,87,1,2,75,0
E02003058,E02003058,274,5,134,110,0
E02003058,E02003059,114,8,11,72,0
E02003058,E02003060,66,0,14,44,1
E02003058,E02003063,75,1,26,41,0
E02003058,E02003064,56,4,7,33,0
E02003058,E02003068,21,0,0,18,0
E02003058,E02003070,26,2,0,24,0
E02003058,E02003094,44,1,1,34,0
E02003058,E02003100,41,0,3,36,0
E02003058,E02003106,48,3,0,45,0
E02003058,E02003107,20,1,0,12,1
E02003058,E02003108,26,0,0,25,0
E02003058,E02003110,21,0,0,20,0
E02003058,E02006887,298,11,21,158,1
E02003058,E02006889,86,1,2,68,0
E02003059,E02003019,39,0,0,34,0
E02003059,E02003036,41,4,3,17,0
E02003059,E02003043,248,12,24,115,0
E02003059,E02003046,23,0,0,18,0
E02003059,E02003047,51,0,3,38,0
E02003059,E02003049,32,3,0,24,0
E02003059,E02003050,117,4,7,61,1
E02003059,E02003052,82,6,10,53,0
E02003059,E02003054,33,1,1,21,0
E02003059,E02003056,62,0,6,46,0
E02003059,E02003057,86,2,23,51,0
E02003059,E02003058,31,0,5,16,0
E02003059,E02003059,153,5,67,69,0
E02003059,E02003061,21,1,7,12,0
E02003059,E02003062,23,1,16,5,0
E02003059,E02003064,55,0,16,30,0
E02003059,E02003070,23,0,1,21,1
E02003059,E02003094,24,1,2,17,0
E02003059,E02003100,27,0,0,24,0
E02003059,E02003106,30,1,0,25,2
E02003059,E02003107,23,1,0,17,0
E02003059,E02006887,156,11,5,94,1
E02003059,E02006889,31,3,0,21,0
E02003060,E02002985,42,1,3,33,0
E02003060,E02002987,31,1,2,26,0
E02003060,E02003014,40,1,0,35,0
E02003060,E02003015,21,1,1,16,0
E02003060,E02003019,91,2,1,78,0
E02003060,E02003024,30,1,6,18,0
E02003060,E02003025,26,2,0,21,0
E02003060,E02003032,21,0,0,20,0
E02003060,E02003034,42,1,0,25,0
E02003060,E02003036,96,3,3,33,0
E02003060,E02003037,23,1,0,13,2
E02003060,E02003040,24,1,0,22,0
E02003060,E02003041,30,1,0,15,0
E02003060,E02003043,456,16,23,167,3
E02003060,E02003046,97,6,5,71,0
E02003060,E02003047,36,3,3,25,0
E02003060,E02003049,159,10,11,116,1
E02003060,E02003050,113,6,4,83,0
E02003060,E02003052,72,2,2,59,0
E02003060,E02003053,85,1,5,59,0
E02003060,E02003054,193,7,37,110,0
E02003060,E02003056,50,0,2,45,0
E02003060,E02003057,42,1,0,38,0
E02003060,E02003058,130,4,26,82,0
E02003060,E02003059,82,2,2,68,0
E02003060,E02003060,278,2,152,102,1
E02003060,E02003063,37,0,2,35,0
E02003060,E02003064,58,3,0,49,0
E02003060,E02003068,24,0,0,22,0
E02003060,E02003070,22,0,0,21,0
E02003060,E02003094,59,1,0,44,0
E02003060,E02003100,49,2,0,44,0
E02003060,E02003106,68,1,1,52,1
E02003060,E02003107,43,2,0,33,0
E02003060,E02003108,48,0,0,44,0
E02003060,E02003121,26,0,0,21,0
E02003060,E02006887,358,17,18,170,0
E02003060,E02006888,20,0,1,16,0
E02003060,E02006889,94,7,2,68,0
E02003061,E02003014,26,2,0,23,0
E02003061,E02003019,31,0,1,26,0
E02003061,E02003034,21,0,1,14,0
E02003061,E02003036,54,1,2,13,0
E02003061,E02003043,185,8,9,70,1
E02003061,E02003046,30,1,2,22,0
E02003061,E02003047,46,3,1,25,0
E02003061,E02003049,31,2,0,22,0
E02003061,E02003050,127,5,6,68,0
E02003061,E02003052,73,5,4,50,0
E02003061,E02003054,27,0,1,18,0
E02003061,E02003056,38,2,0,27,0
E02003061,E02003057,110,1,40,59,0
E02003061,E02003058,27,1,3,11,0
E02003061,E02003059,102,0,28,58,0
E02003061,E02003060,20,0,3,10,0
E02003061,E02003061,76,2,42,25,0
E02003061,E02003064,54,1,7,28,0
E02003061,E02003068,23,0,0,20,0
E02003061,E02003070,25,1,0,20,0
E02003061,E02003094,29,0,4,21,0
E02003061,E02003106,28,0,0,22,2
E02003061,E02006887,105,4,7,50,0
E02003061,E02006889,33,1,2,25,0
E02003062,E02003014,42,0,1,37,1
E02003062,E02003019,43,0,2,28,0
E02003062,E02003024,26,0,7,14,0
E02003062,E02003036,37,2,1,9,0
E02003062,E02003043,167,7,6,59,0
E02003062,E02003046,43,3,0,31,0
E02003062,E02003047,33,2,3,18,0
E02003062,E02003049,33,2,1,22,0
E02003062,E02003050,111,5,4,56,0
E02003062,E02003052,67,9,0,45,0
E02003062,E02003054,33,0,0,20,0
E02003062,E02003056,38,3,4,21,0
E02003062,E02003057,77,3,15,45,0
E02003062,E02003058,50,3,5,31,0
E02003062,E02003059,118,1,51,55,0
E02003062,E02003061,27,0,17,8,0
E02003062,E02003062,75,0,52,14,0
E02003062,E02003064,73,0,33,30,0
E02003062,E02003068,25,0,0,20,0
E02003062,E02003094,25,0,0,22,0
E02003062,E02003107,24,1,0,18,0
E02003062,E02006887,101,3,4,51,2
E02003062,E02006889,28,1,2,17,0
E02003063,E02002985,22,1,0,20,0
E02003063,E02003005,24,1,0,19,0
E02003063,E02003014,23,0,0,23,0
E02003063,E02003019,57,0,1,51,0
E02003063,E02003034,37,1,4,20,0
E02003063,E02003036,80,2,1,22,0
E02003063,E02003040,25,0,2,22,0
E02003063,E02003043,305,10,10,149,0
E02003063,E02003046,38,0,1,32,0
E02003063,E02003047,37,2,0,30,0
E02003063,E02003049,51,4,0,46,0
E02003063,E02003050,98,1,4,84,0
E02003063,E02003052,63,4,0,52,0
E02003063,E02003053,52,0,5,35,0
E02003063,E02003054,88,2,4,70,0
E02003063,E02003056,64,3,3,45,0
E02003063,E02003057,83,0,1,73,0
E02003063,E02003058,169,2,40,109,0
E02003063,E02003059,89,7,4,68,0
E02003063,E02003060,31,2,1,26,0
E02003063,E02003063,168,1,60,101,0
E02003063,E02003064,93,2,21,65,0
E02003063,E02003068,29,0,0,26,0
E02003063,E02003070,24,1,1,19,0
E02003063,E02003100,35,0,0,33,0
E02003063,E02003106,52,1,0,43,0
E02003063,E02003108,26,0,0,24,0
E02003063,E02006887,254,9,10,149,2
E02003063,E02006889,78,0,1,61,0
E02003064,E02003014,28,2,1,18,0
E02003064,E02003019,44,0,0,38,0
E02003064,E02003024,23,1,12,7,0
E02003064,E02003036,36,1,2,9,0
E02003064,E02003043,176,12,8,60,0
E02003064,E02003046,30,0,3,22,0
E02003064,E02003047,43,2,2,24,0
E02003064,E02003049,36,2,0,16,0
E02003064,E02003050,124,2,12,64,0
E02003064,E02003052,51,2,0,34,0
E02003064,E02003053,24,0,1,15,0
E02003064,E02003054,36,1,5,21,0
E02003064,E02003056,70,4,4,43,0
E02003064,E02003057,56,1,10,35,0
E02003064,E02003058,56,0,15,30,0
E02003064,E02003059,109,1,33,54,0
E02003064,E02003062,27,0,17,6,0
E02003064,E02003063,27,0,10,15,0
E02003064,E02003064,173,2,117,43,0
E02003064,E02003100,24,0,0,17,0
E02003064,E02003106,23,2,1,13,1
E02003064,E02006887,77,5,2,44,1
E02003064,E02006889,20,1,0,17,0
E02003065,E02003014,74,2,0,66,0
E02003065,E02003015,54,1,2,50,0
E02003065,E02003017,24,0,0,21,0
E02003065,E02003019,116,4,0,105,0
E02003065,E02003036,34,1,1,22,0
E02003065,E02003037,35,1,0,34,0
E02003065,E02003041,21,0,0,20,0
E02003065,E02003043,278,9,1,210,1
E02003065,E02003047,20,0,2,16,0
E02003065,E02003050,20,0,2,16,0
E02003065,E02003052,32,0,1,28,0
E02003065,E02003065,567,10,243,271,0
E02003065,E02003066,137,2,38,90,0
E02003065,E02003067,239,15,77,127,0
E02003065,E02003068,101,5,0,87,0
E02003065,E02003070,142,13,4,109,0
E02003065,E02003072,60,0,2,53,0
E02003065,E02003073,24,0,0,19,0
E02003065,E02003075,24,0,0,22,0
E02003065,E02003094,71,1,2,53,0
E02003065,E02003098,27,0,0,26,0
E02003065,E02003100,79,0,2,71,0
E02003065,E02003106,116,1,0,109,0
E02003065,E02003107,43,0,0,42,1
E02003065,E02006887,129,4,2,89,3
E02003065,E02006889,20,0,0,20,0
E02003066,E02003014,38,1,0,37,0
E02003066,E02003019,71,0,0,67,0
E02003066,E02003036,20,0,0,14,0
E02003066,E02003037,23,0,0,20,0
E02003066,E02003043,190,2,1,152,0
E02003066,E02003065,296,7,38,200,0
E02003066,E02003066,194,3,70,109,0
E02003066,E02003067,137,4,8,112,0
E02003066,E02003068,63,1,0,58,1
E02003066,E02003070,65,1,1,53,0
E02003066,E02003072,30,0,1,25,0
E02003066,E02003094,46,0,0,40,0
E02003066,E02003098,34,0,1,31,0
E02003066,E02003100,42,0,0,41,0
E02003066,E02003106,78,1,0,73,0
E02003066,E02003107,22,0,0,21,1
E02003066,E02006887,79,0,0,61,1
E02003066,E02006889,22,1,0,21,0
E02003067,E02003014,67,0,0,66,0
E02003067,E02003015,49,1,0,45,0
E02003067,E02003019,124,7,1,110,0
E02003067,E02003034,20,0,0,15,0
E02003067,E02003036,28,3,0,15,1
E02003067,E02003037,30,0,0,26,0
E02003067,E02003041,23,0,0,22,0
E02003067,E02003043,287,11,0,227,2
E02003067,E02003050,27,1,4,20,0
E02003067,E02003052,23,1,0,20,0
E02003067,E02003065,428,17,122,262,1
E02003067,E02003066,94,2,7,78,0
E02003067,E02003067,275,11,101,146,0
E02003067,E02003068,86,9,0,72,0
E02003067,E02003070,108,10,2,90,0
E02003067,E02003072,44,1,1,41,0
E02003067,E02003094,73,0,6,57,0
E02003067,E02003098,31,0,1,30,0
E02003067,E02003100,84,0,0,79,1
E02003067,E02003106,77,0,0,72,0
E02003067,E02003107,34,1,0,32,0
E02003067,E02006887,106,2,1,73,0
E02003068,E02003014,51,1,4,42,0
E02003068,E02003015,36,1,0,33,0
E02003068,E02003019,87,11,2,64,0
E02003068,E02003034,20,1,1,16,0
E02003068,E02003036,29,2,1,13,1
E02003068,E02003037,42,4,5,29,0
E02003068,E02003041,47,2,4,37,0
E02003068,E02003043,302,29,25,176,1
E02003068,E02003047,20,0,3,15,0
E02003068,E02003050,26,0,0,22,0
E02003068,E02003052,23,0,0,19,0
E02003068,E02003065,82,4,4,57,0
E02003068,E02003066,22,0,0,16,0
E02003068,E02003067,50,0,1,41,1
E02003068,E02003068,362,11,113,201,0
E02003068,E02003070,112,9,19,65,0
E02003068,E02003072,33,0,5,26,0
E02003068,E02003094,27,0,2,24,0
E02003068,E02003098,22,0,0,22,0
E02003068,E02003100,45,2,2,39,0
E02003068,E02003106,45,4,1,38,0
E02003068,E02006887,113,5,3,90,0
E02003070,E02003014,45,0,0,44,0
E02003070,E02003015,53,2,0,49,0
E02003070,E02003017,22,0,0,22,0
E02003070,E02003019,83,2,0,79,0
E02003070,E02003027,20,0,0,16,0
E02003070,E02003028,21,1,0,19,0
E02003070,E02003033,45,3,0,39,0
E02003070,E02003034,47,1,0,41,0
E02003070,E02003036,58,2,4,28,1
E02003070,E02003037,88,5,1,71,1
E02003070,E02003041,78,4,0,66,0
E02003070,E02003043,696,85,13,409,7
E02003070,E02003047,83,1,1,75,0
E02003070,E02003050,71,4,2,58,0
E02003070,E02003052,79,3,1,68,0
E02003070,E02003057,49,6,0,41,0
E02003070,E02003064,21,1,0,19,0
E02003070,E02003065,119,4,13,93,0
E02003070,E02003066,53,1,0,50,0
E02003070,E02003067,96,6,11,76,0
E02003070,E02003068,92,2,1,83,0
E02003070,E02003070,348,13,108,208,1
E02003070,E02003072,116,2,3,96,0
E02003070,E02003073,51,0,5,42,0
E02003070,E02003075,84,6,3,69,0
E02003070,E02003094,58,2,2,47,0
E02003070,E02003098,38,2,0,35,0
E02003070,E02003100,74,1,0,70,0
E02003070,E02003106,168,10,2,139,7
E02003070,E02003107,35,0,0,30,1
E02003070,E02006887,282,19,6,172,11
E02003070,E02006889,28,2,0,22,0
E02003072,E02003014,40,0,1,38,0
E02003072,E02003019,58,0,0,53,0
E02003072,E02003034,24,0,0,15,2
E02003072,E02003036,45,1,2,24,2
E02003072,E02003037,28,0,0,27,0
E02003072,E02003041,24,1,0,22,0
E02003072,E02003043,292,8,1,190,8
E02003072,E02003047,28,1,1,23,0
E02003072,E02003050,27,0,0,23,1
E02003072,E02003052,31,0,0,28,1
E02003072,E02003054,22,0,0,19,0
E02003072,E02003056,20,0,0,19,0
E02003072,E02003057,22,0,1,20,1
E02003072,E02003065,42,0,4,32,0
E02003072,E02003066,39,1,1,36,0
E02003072,E02003067,49,0,1,46,0
E02003072,E02003068,74,2,3,67,0
E02003072,E02003070,197,6,30,142,0
E02003072,E02003072,650,49,239,314,1
E02003072,E02003073,242,14,87,129,0
E02003072,E02003075,110,4,5,90,0
E02003072,E02003094,43,0,1,38,0
E02003072,E02003098,24,1,0,23,0
E02003072,E02003100,38,0,1,34,0
E02003072,E02003106,66,0,0,55,8
E02003072,E02006887,163,3,2,75,49
E02003073,E02003014,27,0,0,26,0
E02003073,E02003019,41,0,0,39,0
E02003073,E02003036,35,2,0,22,0
E02003073,E02003037,25,0,1,22,1
E02003073,E02003041,25,1,0,20,1
E02003073,E02003043,265,8,1,175,18
E02003073,E02003047,22,0,5,15,0
E02003073,E02003050,29,1,0,24,3
E02003073,E02003052,34,1,0,28,3
E02003073,E02003065,26,0,4,22,0
E02003073,E02003066,25,0,1,23,0
E02003073,E02003067,34,0,2,32,0
E02003073,E02003068,42,0,0,42,0
E02003073,E02003070,134,5,27,89,4
E02003073,E02003072,378,19,130,213,0
E02003073,E02003073,202,12,83,93,4
E02003073,E02003075,79,4,5,63,0
E02003073,E02003094,27,0,1,21,0
E02003073,E02003100,54,0,1,52,0
E02003073,E02003106,88,0,0,62,22
E02003073,E02006887,144,7,0,65,46
E02003073,E02006889,20,1,0,18,1
E02003075,E02003019,31,0,1,27,0
E02003075,E02003033,23,1,0,20,0
E02003075,E02003036,25,2,0,14,2
E02003075,E02003037,28,1,0,23,0
E02003075,E02003041,33,1,0,29,0
E02003075,E02003043,280,16,0,188,19
E02003075,E02003047,30,2,0,25,0
E02003075,E02003050,39,0,0,35,1
E02003075,E02003052,26,0,0,25,0
E02003075,E02003056,22,0,0,19,0
E02003075,E02003067,23,0,1,21,0
E02003075,E02003068,28,1,0,27,0
E02003075,E02003070,85,1,5,63,0
E02003075,E02003072,106,4,6,85,0
E02003075,E02003073,35,0,2,30,0
E02003075,E02003075,207,10,73,113,0
E02003075,E02003100,27,0,0,24,1
E02003075,E02003106,53,2,0,37,11
E02003075,E02006887,139,10,1,74,34
E02003090,E02003014,28,0,0,26,0
E02003090,E02003015,44,1,0,39,0
E02003090,E02003019,35,0,0,32,0
E02003090,E02003043,117,0,0,97,0
E02003090,E02003090,399,19,134,210,0
E02003090,E02003091,411,18,113,239,0
E02003090,E02003092,52,1,2,47,0
E02003090,E02003093,160,5,6,136,0
E02003090,E02003094,108,4,2,90,0
E02003090,E02003095,23,0,4,17,0
E02003090,E02003098,62,2,1,55,0
E02003090,E02003100,97,5,2,74,0
E02003090,E02003106,134,8,6,105,0
E02003090,E02003107,39,1,1,31,0
E02003090,E02003108,52,1,1,44,1
E02003090,E02004662,51,3,0,47,0
E02003090,E02004665,29,0,0,25,0
E02003090,E02006887,64,0,1,54,0
E02003091,E02003014,41,1,1,34,0
E02003091,E02003015,45,1,0,39,0
E02003091,E02003019,55,0,0,54,0
E02003091,E02003043,109,1,3,71,4
E02003091,E02003090,337,13,82,206,0
E02003091,E02003091,557,22,235,264,0
E02003091,E02003092,57,3,1,50,0
E02003091,E02003093,134,3,3,114,1
E02003091,E02003094,127,2,9,97,0
E02003091,E02003095,30,1,1,26,0
E02003091,E02003098,51,1,2,41,0
E02003091,E02003100,79,7,2,55,0
E02003091,E02003106,153,9,7,118,0
E02003091,E02003107,46,1,1,39,1
E02003091,E02003108,35,0,1,32,0
E02003091,E02004662,30,0,0,27,0
E02003091,E02004665,28,0,0,27,0
E02003091,E02006887,64,2,1,48,0
E02003092,E02003015,36,0,0,35,0
E02003092,E02003019,23,0,1,21,0
E02003092,E02003024,21,1,0,18,0
E02003092,E02003034,21,0,0,18,0
E02003092,E02003036,22,0,0,14,0
E02003092,E02003043,132,1,2,106,4
E02003092,E02003090,74,2,3,61,0
E02003092,E02003091,96,0,1,85,0
E02003092,E02003092,434,14,96,299,0
E02003092,E02003093,53,0,0,50,0
E02003092,E02003094,62,2,0,49,0
E02003092,E02003095,85,2,1,77,0
E02003092,E02003096,21,0,2,17,0
E02003092,E02003097,81,1,2,70,1
E02003092,E02003098,38,1,0,36,0
E02003092,E02003099,43,0,0,39,0
E02003092,E02003100,58,3,0,54,0
E02003092,E02003102,22,0,1,20,0
E02003092,E02003106,178,4,3,158,3
E02003092,E02003107,40,2,0,37,0
E02003092,E02003108,98,7,0,86,0
E02003092,E02003113,57,0,2,54,0
E02003092,E02004662,50,1,0,39,0
E02003092,E02004664,22,0,0,20,0
E02003092,E02004665,187,9,6,157,0
E02003092,E02006887,68,0,1,53,7
E02003093,E02003013,20,1,0,18,0
E02003093,E02003014,28,0,1,26,0
E02003093,E02003015,60,0,0,58,0
E02003093,E02003019,41,0,0,40,0
E02003093,E02003037,21,0,0,14,2
E02003093,E02003043,144,3,1,121,4
E02003093,E02003090,136,4,4,121,0
E02003093,E02003091,185,5,17,153,0
E02003093,E02003092,33,0,0,31,0
E02003093,E02003093,295,13,72,190,0
E02003093,E02003094,127,3,0,99,0
E02003093,E02003095,22,0,1,19,0
E02003093,E02003098,52,6,0,42,0
E02003093,E02003100,102,8,1,84,0
E02003093,E02003106,160,8,4,142,0
E02003093,E02003107,53,2,0,45,0
E02003093,E02003108,37,1,0,30,0
E02003093,E02006887,60,2,0,44,1
E02003093,E02006889,20,0,1,14,1
E02003094,E02003012,34,0,1,32,0
E02003094,E02003013,32,0,1,28,1
E02003094,E02003014,110,4,0,97,3
E02003094,E02003015,95,2,0,91,0
E02003094,E02003017,35,0,0,34,0
E02003094,E02003019,172,2,2,142,4
E02003094,E02003027,27,0,0,24,0
E02003094,E02003031,22,0,0,22,0
E02003094,E02003034,26,0,0,22,0
E02003094,E02003036,26,0,0,16,0
E02003094,E02003037,28,0,0,23,2
E02003094,E02003041,36,0,0,32,1
E02003094,E02003043,211,6,0,150,17
E02003094,E02003068,30,0,2,25,0
E02003094,E02003070,30,0,3,25,0
E02003094,E02003090,59,3,1,55,0
E02003094,E02003091,94,2,3,80,0
E02003094,E02003092,27,0,2,25,0
E02003094,E02003093,116,3,0,106,0
E02003094,E02003094,512,15,65,353,1
E02003094,E02003098,106,4,2,94,1
E02003094,E02003100,191,12,4,164,0
E02003094,E02003101,20,1,1,18,0
E02003094,E02003106,154,5,1,137,0
E02003094,E02003107,78,2,1,69,0
E02003094,E02003108,41,2,1,36,0
E02003094,E02006887,110,2,2,85,9
E02003094,E02006889,25,0,0,23,0
E02003095,E02003015,36,1,0,31,0
E02003095,E02003019,26,0,0,25,0
E02003095,E02003024,29,0,2,22,0
E02003095,E02003026,20,0,0,18,1
E02003095,E02003043,115,0,1,62,9
E02003095,E02003090,37,0,1,31,2
E02003095,E02003091,31,0,2,29,0
E02003095,E02003092,225,20,23,161,0
E02003095,E02003093,24,1,1,22,0
E02003095,E02003094,77,3,12,52,0
E02003095,E02003095,420,20,146,214,2
E02003095,E02003096,119,8,34,64,0
E02003095,E02003097,151,6,26,108,0
E02003095,E02003098,64,0,1,58,0
E02003095,E02003099,125,5,25,82,0
E02003095,E02003100,79,0,4,70,1
E02003095,E02003105,22,1,2,17,0
E02003095,E02003106,225,7,2,189,8
E02003095,E02003107,49,1,0,43,1
E02003095,E02003108,236,21,12,175,0
E02003095,E02003110,43,2,0,39,0
E02003095,E02003111,23,0,3,18,0
E02003095,E02003113,39,1,0,32,0
E02003095,E02003115,22,0,2,18,0
E02003095,E02004665,53,1,0,47,0
E02003095,E02006887,95,1,2,64,12
E02003096,E02003014,23,2,0,20,0
E02003096,E02003015,29,0,1,24,0
E02003096,E02003019,36,1,0,35,0
E02003096,E02003024,37,0,2,29,0
E02003096,E02003036,24,0,0,11,3
E02003096,E02003043,96,2,3,46,13
E02003096,E02003090,39,0,4,35,0
E02003096,E02003091,40,0,1,38,1
E02003096,E02003092,226,22,28,151,1
E02003096,E02003093,28,1,2,23,0
E02003096,E02003094,77,0,2,62,0
E02003096,E02003095,289,19,125,115,2
E02003096,E02003096,204,10,95,84,1
E02003096,E02003097,139,7,16,104,1
E02003096,E02003098,44,0,0,40,0
E02003096,E02003099,107,7,30,61,0
E02003096,E02003100,97,2,1,87,1
E02003096,E02003103,21,0,2,15,0
E02003096,E02003105,29,1,0,25,0
E02003096,E02003106,196,5,1,149,18
E02003096,E02003107,50,2,0,46,0
E02003096,E02003108,218,26,23,151,0
E02003096,E02003110,40,2,2,32,0
E02003096,E02003113,41,0,0,36,0
E02003096,E02004665,29,0,1,25,0
E02003096,E02006887,88,3,1,48,21
E02003097,E02003019,25,2,1,20,0
E02003097,E02003024,24,1,0,19,0
E02003097,E02003036,25,0,0,12,0
E02003097,E02003043,94,3,1,52,7
E02003097,E02003090,29,0,2,25,0
E02003097,E02003091,41,0,0,36,0
E02003097,E02003092,141,7,3,113,0
E02003097,E02003093,21,0,0,18,0
E02003097,E02003094,51,1,4,40,0
E02003097,E02003095,166,10,56,87,0
E02003097,E02003096,65,9,9,40,0
E02003097,E02003097,309,9,130,159,1
E02003097,E02003098,41,1,0,36,1
E02003097,E02003099,87,5,12,62,0
E02003097,E02003100,67,2,3,58,0
E02003097,E02003103,23,1,1,19,0
E02003097,E02003106,166,7,1,136,7
E02003097,E02003107,28,1,1,21,1
E02003097,E02003108,180,13,11,135,0
E02003097,E02003110,24,0,1,20,0
E02003097,E02003113,34,0,2,31,0
E02003097,E02004665,31,0,0,30,0
E02003097,E02006887,47,3,0,31,5
E02003098,E02003014,62,0,0,54,0
E02003098,E02003015,94,6,0,75,0
E02003098,E02003017,37,1,0,33,0
E02003098,E02003019,76,2,1,68,0
E02003098,E02003024,31,1,1,27,0
E02003098,E02003025,35,2,2,28,0
E02003098,E02003026,41,5,3,29,0
E02003098,E02003027,24,1,0,19,0
E02003098,E02003032,20,1,0,17,0
E02003098,E02003034,34,1,1,28,0
E02003098,E02003036,61,2,4,35,0
E02003098,E02003037,31,0,0,28,0
E02003098,E02003043,290,6,1,168,24
E02003098,E02003050,28,3,0,21,1
E02003098,E02003064,21,0,1,19,0
E02003098,E02003068,31,0,0,29,0
E02003098,E02003070,34,0,0,29,0
E02003098,E02003090,52,0,0,50,0
E02003098,E02003091,88,2,2,79,0
E02003098,E02003092,56,1,2,51,0
E02003098,E02003093,67,1,2,60,0
E02003098,E02003094,330,12,9,225,0
E02003098,E02003095,31,0,2,26,1
E02003098,E02003097,28,0,0,28,0
E02003098,E02003098,584,44,163,334,1
E02003098,E02003100,490,37,89,323,0
E02003098,E02003101,184,11,64,88,0
E02003098,E02003102,21,2,0,18,0
E02003098,E02003104,21,0,2,18,0
E02003098,E02003105,40,3,2,31,1
E02003098,E02003106,619,65,32,457,3
E02003098,E02003107,148,17,4,112,1
E02003098,E02003108,72,5,1,62,0
E02003098,E02003110,33,1,1,29,0
E02003098,E02006887,192,4,2,102,45
E02003098,E02006888,20,0,0,14,1
E02003098,E02006889,42,1,0,40,0
E02003099,E02003015,26,2,0,23,0
E02003099,E02003019,21,0,0,18,0
E02003099,E02003024,22,2,1,16,0
E02003099,E02003043,94,1,1,53,5
E02003099,E02003091,28,0,0,22,0
E02003099,E02003092,216,24,19,146,1
E02003099,E02003094,56,0,2,50,0
E02003099,E02003095,341,18,135,152,1
E02003099,E02003096,133,14,44,64,0
E02003099,E02003097,123,3,13,87,1
E02003099,E02003098,64,0,0,58,1
E02003099,E02003099,188,14,75,85,1
E02003099,E02003100,57,2,1,49,0
E02003099,E02003103,46,4,17,23,0
E02003099,E02003105,36,0,1,31,0
E02003099,E02003106,158,8,3,119,7
E02003099,E02003107,32,0,1,27,0
E02003099,E02003108,288,37,35,190,0
E02003099,E02003110,37,0,0,36,0
E02003099,E02003113,25,0,0,23,0
E02003099,E02003115,22,0,0,20,0
E02003099,E02006887,79,5,2,41,19
E02003099,E02006889,23,2,0,18,0
E02003100,E02003012,24,1,0,22,0
E02003100,E02003013,26,1,0,25,0
E02003100,E02003014,130,2,2,112,0
E02003100,E02003015,143,7,2,111,0
E02003100,E02003017,35,0,1,32,0
E02003100,E02003019,125,8,2,98,0
E02003100,E02003020,22,0,0,20,0
E02003100,E02003024,20,0,0,18,0
E02003100,E02003025,22,0,3,18,0
E02003100,E02003026,25,2,2,18,0
E02003100,E02003027,39,1,0,29,0
E02003100,E02003032,22,1,0,19,0
E02003100,E02003034,39,0,0,33,0
E02003100,E02003036,42,0,1,23,0
E02003100,E02003037,30,0,0,25,0
E02003100,E02003043,193,12,2,101,1
E02003100,E02003046,20,1,1,16,0
E02003100,E02003068,34,3,0,29,0
E02003100,E02003070,23,0,0,17,0
E02003100,E02003090,37,2,2,28,0
E02003100,E02003091,72,0,1,62,0
E02003100,E02003092,53,0,1,45,0
E02003100,E02003093,56,2,1,50,0
E02003100,E02003094,630,38,162,331,0
E02003100,E02003095,24,1,6,15,0
E02003100,E02003098,207,19,25,142,0
E02003100,E02003100,670,47,231,339,2
E02003100,E02003101,62,6,13,27,1
E02003100,E02003106,331,39,3,250,1
E02003100,E02003107,185,13,15,125,0
E02003100,E02003108,65,2,4,52,1
E02003100,E02003110,26,0,5,19,0
E02003100,E02003115,28,1,3,20,0
E02003100,E02003118,21,2,2,13,0
E02003100,E02006887,130,7,8,75,10
E02003100,E02006889,38,2,0,33,1
E02003101,E02003013,20,0,0,16,0
E02003101,E02003014,67,1,0,54,0
E02003101,E02003015,118,4,1,103,0
E02003101,E02003017,36,0,0,35,0
E02003101,E02003019,76,0,2,73,0
E02003101,E02003024,34,0,1,32,0
E02003101,E02003025,29,0,0,23,0
E02003101,E02003026,40,5,2,25,0
E02003101,E02003027,36,2,1,23,0
E02003101,E02003028,22,2,1,16,0
E02003101,E02003031,23,0,4,12,1
E02003101,E02003033,20,0,1,17,0
E02003101,E02003034,42,2,0,28,1
E02003101,E02003036,63,5,1,28,1
E02003101,E02003037,23,0,0,20,0
E02003101,E02003043,332,13,2,196,17
E02003101,E02003050,23,1,0,15,1
E02003101,E02003068,24,0,1,23,0
E02003101,E02003070,20,0,0,19,0
E02003101,E02003090,49,0,1,46,0
E02003101,E02003091,80,2,6,65,0
E02003101,E02003092,48,1,0,39,1
E02003101,E02003093,41,2,0,34,0
E02003101,E02003094,387,7,19,264,2
E02003101,E02003095,32,1,2,28,0
E02003101,E02003097,21,2,2,17,0
E02003101,E02003098,470,30,116,294,1
E02003101,E02003100,569,43,150,329,1
E02003101,E02003101,287,10,115,130,0
E02003101,E02003104,43,1,7,34,0
E02003101,E02003105,29,1,1,25,0
E02003101,E02003106,669,83,55,440,0
E02003101,E02003107,182,24,7,142,0
E02003101,E02003108,73,1,2,65,0
E02003101,E02003110,32,1,1,28,0
E02003101,E02006887,210,10,2,131,36
E02003101,E02006889,42,3,0,34,0
E02003102,E02003015,41,2,0,39,0
E02003102,E02003024,29,1,0,27,0
E02003102,E02003032,22,0,0,21,0
E02003102,E02003034,23,2,0,17,0
E02003102,E02003036,33,1,0,24,0
E02003102,E02003043,138,9,2,94,4
E02003102,E02003091,45,2,0,41,0
E02003102,E02003092,67,2,0,58,0
E02003102,E02003094,103,2,2,82,1
E02003102,E02003095,51,2,1,39,0
E02003102,E02003096,30,1,0,22,0
E02003102,E02003097,35,0,0,33,0
E02003102,E02003098,63,1,0,55,0
E02003102,E02003100,94,4,0,83,0
E02003102,E02003102,180,5,69,93,0
E02003102,E02003105,71,1,7,56,0
E02003102,E02003106,287,26,2,232,1
E02003102,E02003107,44,0,1,40,0
E02003102,E02003108,154,9,17,113,0
E02003102,E02003110,40,4,2,31,1
E02003102,E02003114,22,1,1,16,0
E02003102,E02003117,31,0,0,31,0
E02003102,E02006887,77,3,0,50,7
E02003102,E02006889,24,0,1,20,0
E02003103,E02003014,47,0,0,40,0
E02003103,E02003015,28,0,1,27,0
E02003103,E02003019,28,0,2,23,0
E02003103,E02003024,45,2,4,31,0
E02003103,E02003036,26,0,1,12,3
E02003103,E02003043,111,3,0,62,6
E02003103,E02003090,27,2,0,21,0
E02003103,E02003091,56,1,1,50,0
E02003103,E02003092,277,23,23,203,0
E02003103,E02003094,72,0,0,62,0
E02003103,E02003095,310,19,53,188,1
E02003103,E02003096,139,14,28,79,0
E02003103,E02003097,193,12,14,147,0
E02003103,E02003098,67,1,0,61,1
E02003103,E02003099,167,14,24,103,2
E02003103,E02003100,84,0,0,78,0
E02003103,E02003101,21,1,1,19,0
E02003103,E02003103,129,7,56,55,1
E02003103,E02003105,28,1,2,23,0
E02003103,E02003106,191,7,0,158,9
E02003103,E02003107,50,1,0,42,1
E02003103,E02003108,335,39,16,244,2
E02003103,E02003110,40,0,0,35,0
E02003103,E02003113,50,0,0,43,0
E02003103,E02003114,29,2,0,26,1
E02003103,E02004665,26,0,0,22,0
E02003103,E02006887,75,0,0,45,12
E02003104,E02003014,45,0,0,36,0
E02003104,E02003015,112,6,1,86,0
E02003104,E02003019,53,2,3,42,0
E02003104,E02003024,45,7,1,33,0
E02003104,E02003026,26,5,7,10,0
E02003104,E02003027,23,2,1,16,0
E02003104,E02003034,34,1,1,23,1
E02003104,E02003036,37,0,1,17,3
E02003104,E02003043,188,14,4,88,22
E02003104,E02003068,26,0,0,22,0
E02003104,E02003070,23,0,0,21,0
E02003104,E02003090,35,1,2,26,0
E02003104,E02003091,46,4,5,33,0
E02003104,E02003092,33,0,1,26,0
E02003104,E02003093,30,0,1,27,0
E02003104,E02003094,230,14,11,136,4
E02003104,E02003098,253,25,51,152,0
E02003104,E02003100,271,16,32,190,2
E02003104,E02003101,91,3,23,56,0
E02003104,E02003104,133,8,60,50,1
E02003104,E02003105,38,1,3,31,0
E02003104,E02003106,480,47,128,245,2
E02003104,E02003107,145,18,16,89,0
E02003104,E02003108,45,3,3,38,0
E02003104,E02003110,24,1,1,21,0
E02003104,E02003114,22,1,2,17,0
E02003104,E02006887,143,6,1,57,58
E02003104,E02006889,31,3,2,20,5
E02003105,E02003014,23,0,0,21,0
E02003105,E02003015,31,0,1,29,0
E02003105,E02003019,23,3,0,18,0
E02003105,E02003036,27,0,0,13,0
E02003105,E02003043,145,8,3,95,2
E02003105,E02003090,28,1,0,26,0
E02003105,E02003091,27,0,1,24,0
E02003105,E02003092,38,1,1,29,0
E02003105,E02003094,95,1,1,67,0
E02003105,E02003095,41,1,1,36,0
E02003105,E02003098,63,1,2,55,0
E02003105,E02003100,120,9,1,96,0
E02003105,E02003101,29,3,1,24,0
E02003105,E02003102,30,5,4,15,0
E02003105,E02003105,233,8,102,104,0
E02003105,E02003106,333,41,10,252,0
E02003105,E02003107,52,1,0,48,0
E02003105,E02003108,96,3,3,83,0
E02003105,E02003110,22,0,1,20,0
E02003105,E02003113,23,3,0,18,0
E02003105,E02003115,22,2,0,20,0
E02003105,E02006887,78,2,2,55,4
E02003106,E02003014,40,2,2,33,0
E02003106,E02003015,88,7,2,64,0
E02003106,E02003019,41,0,0,36,0
E02003106,E02003024,43,5,6,29,0
E02003106,E02003025,35,1,3,22,0
E02003106,E02003026,37,7,15,10,1
E02003106,E02003027,28,0,0,24,0
E02003106,E02003028,29,1,0,25,0
E02003106,E02003032,20,0,0,17,0
E02003106,E02003034,34,5,0,22,0
E02003106,E02003036,71,6,1,26,5
E02003106,E02003037,22,0,1,16,0
E02003106,E02003041,20,2,0,13,0
E02003106,E02003043,365,24,5,176,41
E02003106,E02003050,28,1,1,19,2
E02003106,E02003090,25,1,6,15,0
E02003106,E02003091,38,3,3,28,1
E02003106,E02003092,28,1,0,24,1
E02003106,E02003093,22,0,1,20,0
E02003106,E02003094,164,4,1,114,1
E02003106,E02003095,21,0,1,19,0
E02003106,E02003098,140,12,5,109,0
E02003106,E02003100,174,10,2,137,0
E02003106,E02003101,36,2,4,25,0
E02003106,E02003104,31,0,19,11,0
E02003106,E02003105,52,4,6,39,0
E02003106,E02003106,932,134,370,355,7
E02003106,E02003107,124,18,11,86,0
E02003106,E02003108,53,1,1,45,1
E02003106,E02003110,39,3,3,28,1
E02003106,E02003114,26,0,0,20,0
E02003106,E02003115,25,1,2,16,0
E02003106,E02006887,221,8,3,113,54
E02003106,E02006889,34,2,2,26,1
E02003107,E02003012,27,0,0,23,0
E02003107,E02003013,49,1,8,35,0
E02003107,E02003014,65,3,0,50,0
E02003107,E02003015,247,18,82,118,0
E02003107,E02003016,42,4,10,23,0
E02003107,E02003017,43,1,2,37,0
E02003107,E02003019,76,5,1,61,0
E02003107,E02003020,28,0,0,22,0
E02003107,E02003021,25,5,2,13,0
E02003107,E02003022,30,3,4,20,0
E02003107,E02003024,38,1,0,25,0
E02003107,E02003025,49,3,2,39,0
E02003107,E02003026,46,3,24,13,0
E02003107,E02003027,60,5,2,36,0
E02003107,E02003028,28,2,3,17,0
E02003107,E02003030,21,1,1,18,0
E02003107,E02003031,32,3,0,23,0
E02003107,E02003033,30,2,1,20,0
E02003107,E02003034,56,3,2,32,1
E02003107,E02003036,77,3,1,33,0
E02003107,E02003037,28,1,1,17,0
E02003107,E02003041,24,1,0,20,0
E02003107,E02003043,312,34,12,126,11
E02003107,E02003050,25,0,1,12,1
E02003107,E02003068,22,0,1,20,0
E02003107,E02003070,21,0,0,18,0
E02003107,E02003091,41,3,6,22,0
E02003107,E02003092,61,7,6,35,2
E02003107,E02003094,220,16,9,119,0
E02003107,E02003098,99,7,6,72,0
E02003107,E02003100,221,19,9,160,1
E02003107,E02003106,531,61,207,213,0
E02003107,E02003107,593,39,282,225,3
E02003107,E02003108,61,1,1,45,2
E02003107,E02003110,28,5,0,17,0
E02003107,E02003117,24,0,2,18,0
E02003107,E02006887,181,20,9,70,38
E02003107,E02006889,36,2,0,28,3
E02003108,E02003015,35,3,0,29,0
E02003108,E02003019,37,0,0,36,0
E02003108,E02003024,54,2,0,42,0
E02003108,E02003025,29,0,0,27,0
E02003108,E02003030,24,0,0,20,0
E02003108,E02003032,37,1,0,30,0
E02003108,E02003034,26,2,0,21,0
E02003108,E02003036,33,2,1,13,0
E02003108,E02003040,26,0,1,21,0
E02003108,E02003043,215,20,1,115,5
E02003108,E02003046,26,2,0,22,0
E02003108,E02003049,20,0,1,18,0
E02003108,E02003050,27,0,0,23,0
E02003108,E02003090,41,4,4,25,0
E02003108,E02003091,37,0,1,32,0
E02003108,E02003092,99,2,6,79,0
E02003108,E02003093,32,0,1,29,0
E02003108,E02003094,92,2,1,77,0
E02003108,E02003095,68,1,3,55,0
E02003108,E02003096,28,2,2,20,0
E02003108,E02003097,52,0,1,46,0
E02003108,E02003098,54,0,0,47,0
E02003108,E02003099,35,3,0,29,0
E02003108,E02003100,87,4,1,75,0
E02003108,E02003102,36,1,12,22,0
E02003108,E02003105,36,0,1,33,0
E02003108,E02003106,279,19,5,238,4
E02003108,E02003107,49,1,1,42,0
E02003108,E02003108,328,15,90,195,0
E02003108,E02003110,100,6,6,79,0
E02003108,E02003111,36,1,2,31,0
E02003108,E02003112,22,1,1,18,0
E02003108,E02003113,64,0,5,52,0
E02003108,E02003114,57,3,5,45,0
E02003108,E02003115,56,0,5,45,0
E02003108,E02003116,32,0,0,29,0
E02003108,E02003117,59,2,5,46,0
E02003108,E02003118,85,2,6,69,0
E02003108,E02003119,39,3,3,33,0
E02003108,E02003120,23,1,2,17,0
E02003108,E02003121,46,0,2,39,0
E02003108,E02006887,183,12,1,114,4
E02003108,E02006889,38,4,0,29,0
E02003109,E02003015,34,2,0,30,0
E02003109,E02003024,63,0,6,52,0
E02003109,E02003025,20,1,0,13,0
E02003109,E02003032,31,1,0,27,0
E02003109,E02003034,22,1,2,14,0
E02003109,E02003036,41,4,0,14,0
E02003109,E02003043,200,18,2,115,0
E02003109,E02003050,24,1,0,16,0
E02003109,E02003090,21,2,0,18,0
E02003109,E02003092,30,3,1,23,0
E02003109,E02003094,66,0,3,54,0
E02003109,E02003095,21,3,1,16,0
E02003109,E02003098,33,1,0,29,1
E02003109,E02003100,51,4,1,42,0
E02003109,E02003106,270,40,10,194,0
E02003109,E02003107,50,7,0,38,0
E02003109,E02003108,77,4,4,65,1
E02003109,E02003109,135,12,33,75,0
E02003109,E02003110,59,3,16,32,0
E02003109,E02003111,78,2,19,48,0
E02003109,E02003114,39,3,3,31,0
E02003109,E02003115,38,1,1,33,0
E02003109,E02003117,28,2,1,22,0
E02003109,E02006887,130,14,0,63,4
E02003109,E02006888,20,3,0,13,0
E02003109,E02006889,29,3,0,21,0
E02003110,E02002985,22,1,0,18,0
E02003110,E02002987,21,0,1,20,0
E02003110,E02003014,22,0,0,19,0
E02003110,E02003015,57,5,0,45,0
E02003110,E02003019,46,1,0,42,0
E02003110,E02003023,21,0,0,19,0
E02003110,E02003024,79,3,0,67,0
E02003110,E02003025,22,1,0,19,0
E02003110,E02003026,38,12,1,22,0
E02003110,E02003027,22,0,0,21,0
E02003110,E02003029,24,0,0,19,0
E02003110,E02003030,20,0,0,20,0
E02003110,E02003032,58,3,0,46,0
E02003110,E02003034,42,3,0,30,0
E02003110,E02003036,70,6,1,30,0
E02003110,E02003037,27,1,0,23,0
E02003110,E02003040,31,1,0,26,0
E02003110,E02003043,390,30,3,225,0
E02003110,E02003046,30,0,0,30,0
E02003110,E02003049,30,1,0,28,0
E02003110,E02003050,34,1,0,30,0
E02003110,E02003052,21,1,0,15,1
E02003110,E02003054,24,1,0,23,0
E02003110,E02003090,36,2,2,29,0
E02003110,E02003091,29,0,1,26,0
E02003110,E02003092,48,2,0,45,0
E02003110,E02003094,82,1,4,70,0
E02003110,E02003095,55,1,1,44,0
E02003110,E02003097,25,0,0,24,0
E02003110,E02003098,94,4,2,82,0
E02003110,E02003100,131,5,3,115,0
E02003110,E02003101,23,0,1,19,0
E02003110,E02003105,34,1,0,33,0
E02003110,E02003106,628,135,8,426,0
E02003110,E02003107,66,5,2,52,0
E02003110,E02003108,200,11,18,148,2
E02003110,E02003109,96,9,13,69,0
E02003110,E02003110,328,16,115,159,2
E02003110,E02003111,69,3,4,54,0
E02003110,E02003112,62,1,21,35,0
E02003110,E02003113,29,0,0,24,0
E02003110,E02003114,74,5,5,57,0
E02003110,E02003115,78,4,0,59,0
E02003110,E02003117,55,0,0,49,0
E02003110,E02003118,38,2,0,33,0
E02003110,E02003119,31,4,0,26,0
E02003110,E02003120,29,1,0,22,0
E02003110,E02003121,38,0,2,32,0
E02003110,E02006887,277,19,2,179,0
E02003110,E02006889,45,3,0,40,0
E02003111,E02003014,21,0,0,17,0
E02003111,E02003015,39,1,0,31,0
E02003111,E02003024,100,12,20,55,0
E02003111,E02003025,35,3,0,27,0
E02003111,E02003030,20,3,1,13,0
E02003111,E02003032,36,3,1,28,0
E02003111,E02003034,25,3,0,15,0
E02003111,E02003036,50,4,1,25,0
E02003111,E02003043,248,34,2,122,0
E02003111,E02003094,55,1,2,42,0
E02003111,E02003098,48,2,0,46,0
E02003111,E02003100,43,2,1,39,0
E02003111,E02003106,260,27,24,173,0
E02003111,E02003107,47,5,5,30,0
E02003111,E02003108,73,7,6,53,0
E02003111,E02003109,50,5,9,34,0
E02003111,E02003110,51,3,4,35,0
E02003111,E02003111,119,3,54,56,0
E02003111,E02003114,71,3,27,38,0
E02003111,E02003115,61,4,8,44,0
E02003111,E02003117,31,1,2,28,0
E02003111,E02003118,26,3,0,22,0
E02003111,E02003121,26,2,1,20,0
E02003111,E02006887,128,18,3,75,0
E02003111,E02006888,23,1,0,21,0
E02003111,E02006889,24,2,0,18,1
E02003112,E02003015,37,1,0,34,0
E02003112,E02003024,88,6,6,54,2
E02003112,E02003025,20,1,0,16,0
E02003112,E02003032,40,10,0,26,0
E02003112,E02003034,22,3,0,13,0
E02003112,E02003036,30,0,3,12,0
E02003112,E02003040,23,1,0,17,0
E02003112,E02003043,147,11,2,75,0
E02003112,E02003046,20,0,0,18,0
E02003112,E02003049,30,1,0,26,0
E02003112,E02003092,38,3,0,29,0
E02003112,E02003094,46,0,2,37,0
E02003112,E02003097,21,0,1,20,0
E02003112,E02003098,39,3,4,29,0
E02003112,E02003100,53,4,1,40,0
E02003112,E02003105,28,1,1,24,0
E02003112,E02003106,207,15,9,155,0
E02003112,E02003107,57,2,1,47,0
E02003112,E02003108,118,8,14,82,0
E02003112,E02003109,51,3,13,33,0
E02003112,E02003110,122,5,47,59,0
E02003112,E02003111,77,2,26,40,0
E02003112,E02003112,81,4,36,37,0
E02003112,E02003114,77,3,19,44,0
E02003112,E02003115,55,1,9,34,0
E02003112,E02003117,44,0,2,39,0
E02003112,E02003118,23,0,0,19,0
E02003112,E02003119,26,1,3,19,0
E02003112,E02003121,22,0,2,16,0
E02003112,E02006887,110,10,0,62,0
E02003112,E02006889,33,1,1,28,1
E02003113,E02002985,21,1,0,16,0
E02003113,E02002987,20,1,0,17,0
E02003113,E02003015,24,0,0,23,0
E02003113,E02003019,24,0,0,23,0
E02003113,E02003024,33,1,0,30,0
E02003113,E02003032,26,0,1,24,0
E02003113,E02003036,29,1,0,14,2
E02003113,E02003043,159,4,1,120,0
E02003113,E02003049,35,1,0,30,0
E02003113,E02003090,22,0,0,20,0
E02003113,E02003092,80,1,2,73,0
E02003113,E02003093,22,1,0,21,0
E02003113,E02003094,47,0,1,41,0
E02003113,E02003095,60,3,4,45,1
E02003113,E02003097,86,2,6,69,0
E02003113,E02003098,42,0,1,39,1
E02003113,E02003099,22,0,1,19,0
E02003113,E02003100,57,1,2,50,0
E02003113,E02003106,196,3,3,176,3
E02003113,E02003107,29,1,0,27,0
E02003113,E02003108,117,8,5,99,0
E02003113,E02003110,27,1,0,23,0
E02003113,E02003113,431,16,133,253,0
E02003113,E02003114,22,0,0,20,0
E02003113,E02003115,21,0,1,16,0
E02003113,E02003117,36,0,0,35,0
E02003113,E02003118,64,6,2,52,0
E02003113,E02003119,38,1,2,32,0
E02003113,E02003121,69,2,10,48,0
E02003113,E02004665,42,0,0,40,0
E02003113,E02006887,119,2,2,80,14
E02003113,E02006889,23,1,0,20,1
E02003114,E02002985,21,1,1,18,0
E02003114,E02003015,38,2,1,31,0
E02003114,E02003019,30,1,0,28,0
E02003114,E02003024,86,4,13,56,0
E02003114,E02003030,21,2,0,16,0
E02003114,E02003032,47,6,2,35,0
E02003114,E02003034,32,3,0,17,0
E02003114,E02003036,43,5,4,16,0
E02003114,E02003040,27,3,0,18,0
E02003114,E02003043,205,26,3,85,0
E02003114,E02003050,22,0,0,18,0
E02003114,E02003090,25,1,0,17,0
E02003114,E02003092,28,1,0,23,0
E02003114,E02003094,58,1,4,42,0
E02003114,E02003098,43,5,2,35,0
E02003114,E02003100,69,3,1,59,0
E02003114,E02003106,241,31,10,173,0
E02003114,E02003107,45,1,1,38,0
E02003114,E02003108,107,9,3,74,2
E02003114,E02003110,68,7,4,43,0
E02003114,E02003111,53,2,12,34,0
E02003114,E02003113,21,0,0,17,0
E02003114,E02003114,197,9,82,83,0
E02003114,E02003115,149,7,50,79,0
E02003114,E02003116,61,4,15,38,0
E02003114,E02003117,78,4,13,41,0
E02003114,E02003118,30,4,2,23,0
E02003114,E02003119,23,4,0,12,0
E02003114,E02003120,26,2,1,19,0
E02003114,E02003121,35,1,2,30,0
E02003114,E02006887,146,14,0,81,1
E02003114,E02006889,49,3,1,43,0
E02003115,E02003014,34,0,0,28,0
E02003115,E02003015,38,3,0,30,0
E02003115,E02003019,37,1,1,31,0
E02003115,E02003024,134,8,33,78,0
E02003115,E02003025,50,2,1,38,0
E02003115,E02003027,22,1,0,18,0
E02003115,E02003029,21,0,7,11,0
E02003115,E02003030,45,2,6,35,0
E02003115,E02003032,105,8,17,68,0
E02003115,E02003034,47,2,1,33,0
E02003115,E02003036,81,11,5,21,0
E02003115,E02003038,30,1,13,13,0
E02003115,E02003040,50,3,2,40,0
E02003115,E02003043,278,32,6,121,0
E02003115,E02003046,25,0,0,23,0
E02003115,E02003049,26,5,1,20,0
E02003115,E02003050,30,2,2,19,0
E02003115,E02003052,20,2,0,18,0
E02003115,E02003054,29,0,0,27,0
E02003115,E02003056,20,0,1,19,0
E02003115,E02003064,24,0,3,18,0
E02003115,E02003090,34,1,11,20,0
E02003115,E02003092,45,2,4,33,0
E02003115,E02003094,61,0,2,47,0
E02003115,E02003098,51,1,0,44,0
E02003115,E02003100,74,5,5,56,0
E02003115,E02003106,316,22,11,223,0
E02003115,E02003107,57,4,0,46,0
E02003115,E02003108,128,11,7,83,1
E02003115,E02003110,87,7,5,57,0
E02003115,E02003111,61,1,18,33,0
E02003115,E02003114,119,2,49,57,0
E02003115,E02003115,291,6,136,125,0
E02003115,E02003116,56,1,12,40,0
E02003115,E02003117,127,4,40,70,0
E02003115,E02003118,39,5,0,32,0
E02003115,E02003119,39,0,0,35,0
E02003115,E02003120,44,3,4,32,0
E02003115,E02003121,55,1,5,39,0
E02003115,E02006887,204,21,5,116,0
E02003115,E02006888,27,1,1,21,0
E02003115,E02006889,75,6,2,49,0
E02003116,E02002987,27,1,0,21,0
E02003116,E02003015,25,0,1,23,0
E02003116,E02003019,38,0,2,35,0
E02003116,E02003024,80,1,3,60,0
E02003116,E02003027,20,0,0,16,0
E02003116,E02003029,23,5,0,13,0
E02003116,E02003030,32,2,1,23,0
E02003116,E02003032,51,2,3,39,0
E02003116,E02003034,42,3,0,20,0
E02003116,E02003036,47,3,2,21,0
E02003116,E02003038,30,0,8,15,0
E02003116,E02003040,22,1,0,18,0
E02003116,E02003043,192,12,5,80,0
E02003116,E02003046,28,1,2,20,0
E02003116,E02003049,36,1,0,30,0
E02003116,E02003050,21,1,2,10,0
E02003116,E02003054,27,1,1,21,0
E02003116,E02003090,33,0,10,17,1
E02003116,E02003092,37,0,1,33,0
E02003116,E02003094,69,1,2,46,1
E02003116,E02003098,25,0,0,24,0
E02003116,E02003100,51,1,0,41,0
E02003116,E02003106,158,5,5,125,0
E02003116,E02003107,44,1,3,35,0
E02003116,E02003108,110,6,7,82,0
E02003116,E02003110,65,1,3,50,0
E02003116,E02003111,21,0,3,16,0
E02003116,E02003113,29,2,0,26,0
E02003116,E02003114,56,5,15,30,0
E02003116,E02003115,135,1,58,52,0
E02003116,E02003116,131,2,41,69,1
E02003116,E02003117,156,0,51,90,0
E02003116,E02003118,65,4,9,40,0
E02003116,E02003119,32,3,2,21,0
E02003116,E02003120,29,0,6,20,0
E02003116,E02003121,74,1,7,54,0
E02003116,E02006887,146,7,4,80,1
E02003116,E02006888,28,3,0,14,0
E02003116,E02006889,42,2,1,31,0
E02003117,E02003015,31,0,1,25,0
E02003117,E02003019,33,1,0,30,0
E02003117,E02003024,75,4,3,61,0
E02003117,E02003025,36,0,1,30,0
E02003117,E02003030,33,0,3,27,0
E02003117,E02003032,78,3,6,61,0
E02003117,E02003034,30,5,1,17,0
E02003117,E02003036,65,5,4,16,1
E02003117,E02003038,30,1,11,16,0
E02003117,E02003040,45,3,4,34,0
E02003117,E02003043,285,17,6,114,3
E02003117,E02003044,25,1,2,20,0
E02003117,E02003046,41,0,0,33,0
E02003117,E02003049,35,0,1,31,0
E02003117,E02003050,31,3,2,24,0
E02003117,E02003054,43,0,0,40,0
E02003117,E02003090,21,0,3,12,0
E02003117,E02003091,20,0,3,16,0
E02003117,E02003092,42,2,0,36,0
E02003117,E02003094,56,0,1,47,0
E02003117,E02003095,34,1,6,23,0
E02003117,E02003098,46,1,1,36,0
E02003117,E02003100,54,4,0,47,0
E02003117,E02003106,158,3,3,118,0
E02003117,E02003107,41,4,3,30,0
E02003117,E02003108,96,4,3,81,0
E02003117,E02003110,56,0,1,49,0
E02003117,E02003111,27,1,1,20,0
E02003117,E02003113,29,2,0,24,0
E02003117,E02003114,53,1,5,43,0
E02003117,E02003115,118,3,51,56,0
E02003117,E02003116,46,5,7,29,0
E02003117,E02003117,271,4,139,104,0
E02003117,E02003118,84,3,13,60,0
E02003117,E02003119,35,0,0,29,0
E02003117,E02003120,117,5,35,69,0
E02003117,E02003121,105,3,15,67,0
E02003117,E02006887,228,13,10,138,1
E02003117,E02006888,38,2,1,29,0
E02003117,E02006889,71,4,1,58,0
E02003118,E02002985,60,0,4,49,0
E02003118,E02002987,36,3,1,27,0
E02003118,E02003014,35,0,1,32,0
E02003118,E02003015,23,0,0,20,0
E02003118,E02003019,45,0,0,44,0
E02003118,E02003024,72,1,5,57,0
E02003118,E02003025,53,1,2,44,0
E02003118,E02003027,23,1,0,17,0
E02003118,E02003030,29,1,0,25,0
E02003118,E02003032,79,5,3,68,0
E02003118,E02003034,53,1,1,30,0
E02003118,E02003036,76,3,1,36,0
E02003118,E02003038,37,0,2,28,0
E02003118,E02003040,39,2,0,32,0
E02003118,E02003043,360,21,4,190,2
E02003118,E02003046,38,1,0,36,0
E02003118,E02003049,59,2,0,52,0
E02003118,E02003050,34,2,1,26,1
E02003118,E02003052,21,0,0,21,0
E02003118,E02003054,57,2,4,45,0
E02003118,E02003057,25,0,0,24,0
E02003118,E02003058,23,0,0,21,0
E02003118,E02003090,30,1,2,23,0
E02003118,E02003091,24,0,1,22,0
E02003118,E02003092,41,1,1,35,0
E02003118,E02003094,66,0,2,57,0
E02003118,E02003095,33,0,3,27,0
E02003118,E02003097,24,0,1,21,0
E02003118,E02003098,63,2,0,55,0
E02003118,E02003100,102,1,3,92,0
E02003118,E02003106,231,11,1,209,0
E02003118,E02003107,57,1,0,47,1
E02003118,E02003108,139,3,2,119,0
E02003118,E02003110,75,0,1,68,0
E02003118,E02003111,30,0,1,29,0
E02003118,E02003113,67,1,2,57,0
E02003118,E02003114,57,2,4,41,0
E02003118,E02003115,92,1,18,60,0
E02003118,E02003116,63,3,7,46,0
E02003118,E02003117,200,9,32,127,0
E02003118,E02003118,245,10,49,152,0
E02003118,E02003119,87,4,16,62,0
E02003118,E02003120,86,4,16,55,1
E02003118,E02003121,204,4,60,128,0
E02003118,E02006887,302,14,3,164,5
E02003118,E02006888,33,2,0,26,0
E02003118,E02006889,72,1,1,60,0
E02003119,E02002985,60,1,1,42,0
E02003119,E02002987,50,4,1,38,0
E02003119,E02003014,20,0,0,17,0
E02003119,E02003015,33,3,2,23,0
E02003119,E02003019,48,1,0,40,0
E02003119,E02003024,60,1,1,52,0
E02003119,E02003030,24,1,1,21,0
E02003119,E02003032,60,1,2,48,0
E02003119,E02003034,45,5,1,30,0
E02003119,E02003036,76,1,3,33,0
E02003119,E02003038,23,0,0,16,0
E02003119,E02003040,30,2,0,23,0
E02003119,E02003043,281,9,9,141,5
E02003119,E02003046,43,0,0,36,0
E02003119,E02003047,29,1,0,26,0
E02003119,E02003049,46,2,0,41,0
E02003119,E02003050,32,2,0,20,0
E02003119,E02003054,47,3,0,41,0
E02003119,E02003059,20,0,1,19,0
E02003119,E02003064,21,1,2,17,0
E02003119,E02003090,28,1,3,16,0
E02003119,E02003092,50,3,3,41,0
E02003119,E02003094,55,1,1,47,0
E02003119,E02003095,24,0,1,20,0
E02003119,E02003097,26,0,4,18,0
E02003119,E02003098,53,0,1,49,1
E02003119,E02003100,70,0,2,61,0
E02003119,E02003106,198,13,5,156,1
E02003119,E02003107,53,2,0,43,1
E02003119,E02003108,134,7,1,116,0
E02003119,E02003110,61,2,1,54,0
E02003119,E02003113,76,5,5,56,0
E02003119,E02003114,58,5,1,46,0
E02003119,E02003115,80,0,4,64,0
E02003119,E02003116,31,2,2,23,0
E02003119,E02003117,122,4,6,95,0
E02003119,E02003118,209,9,48,134,1
E02003119,E02003119,255,8,107,119,0
E02003119,E02003120,69,3,12,42,0
E02003119,E02003121,316,4,90,183,0
E02003119,E02006887,219,9,4,120,5
E02003119,E02006888,26,1,0,16,0
E02003119,E02006889,80,1,2,62,1
E02003120,E02002985,28,2,0,21,0
E02003120,E02002987,28,2,1,25,0
E02003120,E02003019,29,0,0,26,0
E02003120,E02003024,48,2,0,39,0
E02003120,E02003025,27,4,0,22,0
E02003120,E02003030,23,0,0,19,0
E02003120,E02003032,54,3,3,45,0
E02003120,E02003034,33,1,0,26,0
E02003120,E02003036,77,2,2,30,0
E02003120,E02003039,23,3,1,18,0
E02003120,E02003040,40,1,0,37,0
E02003120,E02003043,274,26,2,138,1
E02003120,E02003044,37,4,3,28,0
E02003120,E02003046,41,2,0,35,0
E02003120,E02003049,62,8,0,47,0
E02003120,E02003050,28,2,1,22,0
E02003120,E02003054,29,2,0,25,0
E02003120,E02003064,20,1,0,16,0
E02003120,E02003070,20,1,0,16,0
E02003120,E02003092,32,0,0,28,0
E02003120,E02003094,34,0,2,29,0
E02003120,E02003098,38,2,0,34,0
E02003120,E02003100,46,1,0,39,0
E02003120,E02003106,142,3,0,126,0
E02003120,E02003107,32,1,0,28,0
E02003120,E02003108,93,5,4,77,0
E02003120,E02003110,46,0,1,42,0
E02003120,E02003113,20,0,2,16,0
E02003120,E02003114,38,1,4,30,0
E02003120,E02003115,67,1,8,41,0
E02003120,E02003117,127,4,11,94,0
E02003120,E02003118,62,3,4,54,0
E02003120,E02003119,29,0,4,20,0
E02003120,E02003120,245,7,95,125,0
E02003120,E02003121,154,7,28,102,0
E02003120,E02006887,237,10,1,147,2
E02003120,E02006888,34,1,0,26,0
E02003120,E02006889,83,3,3,69,0
E02003121,E02002985,83,3,3,62,0
E02003121,E02002987,61,2,2,47,0
E02003121,E02003014,23,0,0,21,0
E02003121,E02003015,27,3,0,19,0
E02003121,E02003019,33,1,0,29,0
E02003121,E02003024,43,1,1,41,0
E02003121,E02003025,28,4,0,20,0
E02003121,E02003027,24,1,0,20,0
E02003121,E02003032,56,0,0,49,0
E02003121,E02003034,39,2,0,23,0
E02003121,E02003036,72,3,1,27,0
E02003121,E02003037,20,0,0,14,0
E02003121,E02003040,24,1,0,19,0
E02003121,E02003043,369,15,2,185,6
E02003121,E02003046,44,4,0,36,0
E02003121,E02003049,57,7,0,46,0
E02003121,E02003050,21,0,0,17,1
E02003121,E02003052,20,1,0,14,0
E02003121,E02003054,43,2,0,38,0
E02003121,E02003064,20,0,0,16,0
E02003121,E02003090,28,0,1,23,0
E02003121,E02003092,43,2,2,33,0
E02003121,E02003094,52,1,2,42,0
E02003121,E02003095,20,0,0,18,0
E02003121,E02003098,35,0,0,33,0
E02003121,E02003100,70,0,2,64,0
E02003121,E02003106,223,14,3,183,3
E02003121,E02003107,36,0,0,34,0
E02003121,E02003108,106,2,2,90,0
E02003121,E02003110,48,3,0,42,0
E02003121,E02003111,26,1,0,23,1
E02003121,E02003113,88,2,3,70,1
E02003121,E02003114,59,3,1,45,0
E02003121,E02003115,52,1,1,43,0
E02003121,E02003117,93,0,2,83,0
E02003121,E02003118,121,3,7,98,0
E02003121,E02003119,125,4,24,85,0
E02003121,E02003120,87,3,11,65,0
E02003121,E02003121,412,12,142,215,1
E02003121,E02006887,278,10,2,163,12
E02003121,E02006888,27,0,0,23,0
E02003121,E02006889,81,1,2,65,0
E02004661,E02003043,37,0,0,24,9
E02004661,E02003090,41,0,0,34,0
E02004661,E02003091,31,0,0,26,1
E02004661,E02003092,43,0,0,39,1
E02004661,E02003093,83,0,0,77,0
E02004661,E02003094,30,0,0,24,0
E02004661,E02003100,31,0,0,30,0
E02004661,E02003106,62,1,0,45,12
E02004661,E02004661,478,17,190,235,0
E02004661,E02004662,225,0,4,190,0
E02004661,E02004664,374,9,57,258,0
E02004661,E02004665,160,1,0,138,0
E02004662,E02003043,45,0,0,33,3
E02004662,E02003090,67,2,0,57,0
E02004662,E02003091,85,0,1,81,0
E02004662,E02003092,49,1,1,44,0
E02004662,E02003093,113,3,0,106,0
E02004662,E02003094,25,0,0,23,0
E02004662,E02003098,21,0,0,20,0
E02004662,E02003100,36,1,0,34,0
E02004662,E02003106,63,0,0,56,1
E02004662,E02003108,23,0,0,22,0
E02004662,E02004661,62,0,1,56,0
E02004662,E02004662,572,27,122,364,0
E02004662,E02004664,72,0,2,66,0
E02004662,E02004665,86,0,0,85,0
E02004662,E02006887,33,0,0,27,4
E02004664,E02003043,45,0,0,30,8
E02004664,E02003090,35,1,0,33,0
E02004664,E02003091,20,0,0,17,0
E02004664,E02003092,43,0,0,40,0
E02004664,E02003093,51,0,0,45,0
E02004664,E02003094,21,0,0,18,0
E02004664,E02003100,27,0,0,26,0
E02004664,E02003106,48,0,0,39,6
E02004664,E02003108,30,0,0,25,1
E02004664,E02004661,216,15,24,151,0
E02004664,E02004662,162,3,6,132,0
E02004664,E02004664,487,13,266,176,1
E02004664,E02004665,120,3,2,108,0
E02004665,E02003043,93,0,1,82,4
E02004665,E02003090,75,0,0,73,0
E02004665,E02003091,61,0,0,57,0
E02004665,E02003092,186,5,1,165,0
E02004665,E02003093,42,1,0,40,0
E02004665,E02003094,36,0,2,31,0
E02004665,E02003095,33,0,0,29,0
E02004665,E02003097,24,2,2,20,0
E02004665,E02003098,21,1,0,19,0
E02004665,E02003100,49,1,0,46,0
E02004665,E02003106,121,1,0,116,0
E02004665,E02003107,25,0,0,24,0
E02004665,E02003108,74,0,1,67,0
E02004665,E02003113,23,1,0,20,0
E02004665,E02004661,47,0,1,44,0
E02004665,E02004662,87,0,1,77,0
E02004665,E02004664,94,0,2,84,0
E02004665,E02004665,815,16,306,427,1
E02004665,E02006887,50,0,0,43,5
E02006887,E02003019,24,1,1,14,2
E02006887,E02003024,21,3,2,10,0
E02006887,E02003025,21,8,2,6,3
E02006887,E02003033,24,0,12,6,1
E02006887,E02003034,74,5,47,18,0
E02006887,E02003036,156,5,131,6,1
E02006887,E02003037,50,6,17,13,0
E02006887,E02003041,25,4,6,8,0
E02006887,E02003043,772,35,634,49,3
E02006887,E02003046,25,3,6,13,0
E02006887,E02003050,58,5,37,10,2
E02006887,E02003094,20,3,1,8,0
E02006887,E02003098,21,1,1,13,4
E02006887,E02003100,50,5,3,23,1
E02006887,E02003106,147,13,6,59,42
E02006887,E02003107,32,0,0,21,2
E02006887,E02006887,543,11,464,43,8
E02006887,E02006889,47,5,28,11,0
E02006888,E02003014,24,0,0,18,3
E02006888,E02003015,21,5,2,2,0
E02006888,E02003024,51,16,6,16,0
E02006888,E02003025,58,12,21,18,0
E02006888,E02003027,23,2,7,10,1
E02006888,E02003031,28,5,8,8,2
E02006888,E02003033,31,2,3,11,6
E02006888,E02003034,88,24,25,22,2
E02006888,E02003036,93,14,34,16,0
E02006888,E02003037,38,2,3,18,10
E02006888,E02003040,35,1,15,14,0
E02006888,E02003043,305,80,78,60,12
E02006888,E02003046,25,1,2,10,0
E02006888,E02003050,23,4,1,16,0
E02006888,E02003094,32,2,0,19,1
E02006888,E02003100,23,1,1,17,0
E02006888,E02003106,67,11,3,27,6
E02006888,E02003107,33,6,1,15,1
E02006888,E02003108,26,2,1,15,0
E02006888,E02006887,167,34,67,29,11
E02006888,E02006888,116,9,72,21,3
E02006888,E02006889,65,7,33,23,1
E02006888,E02006890,57,5,33,11,0
E02006889,E02003015,20,3,4,8,0
E02006889,E02003019,21,0,1,13,0
E02006889,E02003024,36,4,0,19,1
E02006889,E02003025,43,2,18,16,0
E02006889,E02003034,73,3,30,31,0
E02006889,E02003036,97,9,49,7,0
E02006889,E02003037,26,5,5,7,4
E02006889,E02003040,52,3,32,11,0
E02006889,E02003041,23,4,5,8,0
E02006889,E02003043,322,35,131,52,2
E02006889,E02003046,24,2,6,5,0
E02006889,E02003050,31,2,8,10,0
E02006889,E02003094,37,3,3,15,0
E02006889,E02003100,21,1,1,14,0
E02006889,E02003106,62,2,6,37,3
E02006889,E02003107,43,1,0,34,0
E02006889,E02003108,23,0,0,13,1
E02006889,E02006887,214,15,128,45,4
E02006889,E02006888,62,1,33,18,0
E02006889,E02006889,138,9,79,28,0
E02006890,E02003014,31,0,1,23,4
E02006890,E02003015,37,7,3,22,0
E02006890,E02003019,23,0,5,16,0
E02006890,E02003023,23,1,4,11,0
E02006890,E02003024,85,15,14,39,2
E02006890,E02003025,124,9,71,35,0
E02006890,E02003027,26,10,4,10,0
E02006890,E02003030,22,2,7,12,0
E02006890,E02003032,41,11,10,18,0
E02006890,E02003033,36,4,3,14,10
E02006890,E02003034,140,48,29,45,0
E02006890,E02003036,98,29,20,15,2
E02006890,E02003037,33,8,1,10,6
E02006890,E02003040,44,5,16,16,0
E02006890,E02003043,516,141,88,116,33
E02006890,E02003046,31,8,6,11,0
E02006890,E02003047,24,5,0,15,0
E02006890,E02003050,46,8,4,21,0
E02006890,E02003054,22,6,1,12,0
E02006890,E02003092,24,2,0,13,0
E02006890,E02003094,42,5,1,26,0
E02006890,E02003098,26,2,0,20,2
E02006890,E02003100,41,3,1,30,0
E02006890,E02003106,132,22,8,62,11
E02006890,E02003107,40,5,0,26,5
E02006890,E02003108,39,2,1,24,0
E02006890,E02003117,31,6,4,13,2
E02006890,E02006887,221,60,33,67,13
E02006890,E02006888,93,8,50,29,0
E02006890,E02006889,67,14,17,29,1
E02006890,E02006890,123,8,84,24,2
